metric,summary_level,period,snow_stratum,stratum_n,paradigm,model,median,q25,q75,iqr,mean,std,bootstrap_ci_low,bootstrap_ci_high
kge,full_sample,train,full_sample,531,IC-CMA-ES,XAJ-Base,0.809773613301547,0.646892500120529,0.871775557025979,0.22488305690544996,0.709998307805647,0.24174104326452356,0.7881608789926564,0.8252899034553068
nse,full_sample,train,full_sample,531,IC-CMA-ES,XAJ-Base,0.7192849326364695,0.5645478751145026,0.7781867791746799,0.21363890406017738,0.6244983924153645,0.22965399110129736,0.6987528350430235,0.7340254082825415
pbias,full_sample,train,full_sample,531,IC-CMA-ES,XAJ-Base,4.048868066507735,3.2344625006026453,4.358877785129895,1.1244152845272497,3.5499915390282344,1.2087052163226177,3.940804394963282,4.126449517276534
rmse,full_sample,train,full_sample,531,IC-CMA-ES,XAJ-Base,0.35218110935876246,0.30257955437921685,0.4824859999035768,0.17990644552435997,0.43200135375548243,0.19339283461161885,0.33976807723575453,0.36947129680587487
kge,snow_stratum,train,S1,165,IC-CMA-ES,XAJ-Base,0.8728844061264612,0.8300467123439806,0.9111528811893858,0.08110616884540511,0.8499246902952818,0.10987399625655617,0.8596229399558272,0.8880685551942503
kge,snow_stratum,train,S2,156,IC-CMA-ES,XAJ-Base,0.84068687313407,0.799289343064566,0.8720327359177354,0.07274339285316944,0.8133858381427922,0.10550332233711918,0.8277706653011854,0.8530004158972281
kge,snow_stratum,train,S3,121,IC-CMA-ES,XAJ-Base,0.6877092808342202,0.5980127161696045,0.7645134300030307,0.16650071383342624,0.6701255819372562,0.14838162293296714,0.6744812227224806,0.6975526203037088
kge,snow_stratum,train,S4,34,IC-CMA-ES,XAJ-Base,0.5649702938034437,0.3878090021998037,0.721963872064908,0.3341548698651043,0.537113109423606,0.21212048905442385,0.4743124124056518,0.6599552659702901
kge,snow_stratum,train,S5,55,IC-CMA-ES,XAJ-Base,0.1270433684707067,0.0422641531683398,0.3039187604089033,0.2616546072405635,0.19156901201801518,0.20089473535953908,0.076399444560689,0.2412794568651269
kge,full_sample,train,full_sample,531,IC-CMA-ES,XAJ-TGD,0.8327756068678623,0.7475845597749102,0.8877884897321895,0.14020392995727926,0.8007032243434081,0.12420058056925841,0.825229210299366,0.8441441197873648
nse,full_sample,train,full_sample,531,IC-CMA-ES,XAJ-TGD,0.7411368265244691,0.6602053317861647,0.7933990652455799,0.1331937334594152,0.7106680631262378,0.11799055154079548,0.7339677497843976,0.7519369137979965
pbias,full_sample,train,full_sample,531,IC-CMA-ES,XAJ-TGD,4.163878034339311,3.737922798874551,4.4389424486609474,0.7010196497863963,4.00351612171704,0.621002902846292,4.12614605149683,4.220720598936824
rmse,full_sample,train,full_sample,531,IC-CMA-ES,XAJ-TGD,0.33377951450571014,0.28976920821424845,0.40193235218007184,0.11216314396582339,0.35943742052527344,0.09936046445540674,0.3246847041701082,0.3398166317605072
kge,snow_stratum,train,S1,165,IC-CMA-ES,XAJ-TGD,0.8830882091329383,0.8309394648830113,0.9159981832706952,0.08505871838768386,0.8562347724163597,0.10645926273077805,0.8694551254617274,0.8944370275748575
kge,snow_stratum,train,S2,156,IC-CMA-ES,XAJ-TGD,0.8553469458637624,0.8148460648751636,0.8826120402992264,0.06776597542406271,0.8302763844192146,0.09600955706043328,0.8454630655567705,0.8630250315664587
kge,snow_stratum,train,S3,121,IC-CMA-ES,XAJ-TGD,0.754212938745347,0.7056257967228605,0.8250231534086727,0.1193973566858122,0.7451074580404006,0.11574351427914366,0.7399889536798563,0.7682431883459757
kge,snow_stratum,train,S4,34,IC-CMA-ES,XAJ-TGD,0.7654047547547608,0.6667935768219938,0.817355369433524,0.15056179261153024,0.7403252197421666,0.09647877226174945,0.6773740966526718,0.7984043757017525
kge,snow_stratum,train,S5,55,IC-CMA-ES,XAJ-TGD,0.7376219651745769,0.6208735753376785,0.8245692639153177,0.2036956885776392,0.7098636148023784,0.15658632171800363,0.6610677699662071,0.7893817024681998
kge,full_sample,train,full_sample,531,IC-CMA-ES,XAJ-CN,0.8706531228321605,0.8263744285052632,0.9065427219120961,0.08016829340683285,0.8485717873128792,0.09682215075915289,0.8663019844685336,0.8749206074028018
nse,full_sample,train,full_sample,531,IC-CMA-ES,XAJ-CN,0.7771204666905523,0.7350557070799999,0.8112155858164911,0.07615987873649122,0.7561431979472352,0.09198104322119524,0.7729868852451068,0.7811745770326616
pbias,full_sample,train,full_sample,531,IC-CMA-ES,XAJ-CN,4.353265614160803,4.131872142526316,4.53271360956048,0.400841467034164,4.242858936564395,0.4841107537957645,4.3315099223426685,4.374603037014009
rmse,full_sample,train,full_sample,531,IC-CMA-ES,XAJ-CN,0.3034775017342717,0.2747658224703232,0.33890045719578943,0.06413463472546621,0.3211425701496967,0.07745772060732233,0.3000635140777586,0.30695841242517313
kge,snow_stratum,train,S1,165,IC-CMA-ES,XAJ-CN,0.8799681799081869,0.8277858417698317,0.9143335289952376,0.08654768722540584,0.8526423483151682,0.11014953647566153,0.8684140702339072,0.8924103494167125
kge,snow_stratum,train,S2,156,IC-CMA-ES,XAJ-CN,0.8655440548509025,0.8219310034841828,0.8930796535525228,0.07114865006834004,0.8425442848484715,0.08535096779208493,0.8565284868774825,0.8706531228321605
kge,snow_stratum,train,S3,121,IC-CMA-ES,XAJ-CN,0.8619481660888628,0.8237867450612979,0.8882341759762892,0.06444743091499128,0.8358592073167035,0.10027410921262067,0.8530654892317617,0.8713275070936248
kge,snow_stratum,train,S4,34,IC-CMA-ES,XAJ-CN,0.8552264619408477,0.8134117344216023,0.8770439264614971,0.06363219203989479,0.8256572727593825,0.09223516796626927,0.8287295083350381,0.8666219418315315
kge,snow_stratum,train,S5,55,IC-CMA-ES,XAJ-CN,0.9128284840078912,0.882168261175909,0.9294737964742892,0.04730553529838022,0.8955893053751709,0.05497602643340018,0.8973883598287478,0.9260463241936948
kge,full_sample,train,full_sample,531,dPL-MLP,XAJ-Base,0.7337010399656032,0.5639214124441967,0.8358954271870065,0.2719740147428098,0.6462762702577245,0.26200955128410386,0.7060647149959798,0.7548492627877885
nse,full_sample,train,full_sample,531,dPL-MLP,XAJ-Base,0.647015987967323,0.4857253418219869,0.744100655827656,0.25837531400566915,0.5639624567448382,0.24890907371989862,0.6207614792461807,0.667106799648399
pbias,full_sample,train,full_sample,531,dPL-MLP,XAJ-Base,3.668505199828016,2.819607062220984,4.1794771359350325,1.3598700737140486,3.231381351288623,1.3100477564205193,3.530323574979899,3.7742463139389426
rmse,full_sample,train,full_sample,531,dPL-MLP,XAJ-Base,0.41303916802751744,0.33128365825039485,0.5488628700446426,0.21757921179424777,0.48297898379382037,0.2096076410272831,0.3961205897697692,0.4351482280032162
kge,snow_stratum,train,S1,165,dPL-MLP,XAJ-Base,0.811830767284721,0.6986928724905477,0.8750836462780829,0.1763907737875352,0.7610332284341415,0.17642504837054782,0.7928608887035262,0.8362978286706924
kge,snow_stratum,train,S2,156,dPL-MLP,XAJ-Base,0.7974910594094926,0.7375528336076301,0.8459951038181988,0.10844227021056863,0.7534892486647817,0.1620131386886822,0.7843084592416784,0.8153205991729136
kge,snow_stratum,train,S3,121,dPL-MLP,XAJ-Base,0.6630435766218326,0.5706773438576367,0.7366605845934309,0.16598324073579418,0.6272068079984938,0.18974506145508047,0.638947869735756,0.6817221887020223
kge,snow_stratum,train,S4,34,dPL-MLP,XAJ-Base,0.5046854346688948,0.2468213166612766,0.696550829059448,0.4497295123981714,0.4425788294755285,0.284135456175261,0.34454307862192607,0.6072323334706833
kge,snow_stratum,train,S5,55,dPL-MLP,XAJ-Base,0.1086997067563589,0.03169834375396785,0.28856094018938194,0.2568625964354141,0.16578527370048685,0.19079113988219198,0.0741235854472441,0.2049388354843107
kge,full_sample,train,full_sample,531,dPL-MLP,XAJ-TGD,0.7638321144373007,0.6669098751810265,0.8376754117365077,0.1707655365554812,0.7207035655457504,0.18990696042051397,0.7528932698873891,0.7810170556943348
nse,full_sample,train,full_sample,531,dPL-MLP,XAJ-TGD,0.6756405087154356,0.5835643814219751,0.7457916411496822,0.16222725972770713,0.6346683872684628,0.18041161239948825,0.6652486063930196,0.691966202909618
pbias,full_sample,train,full_sample,531,dPL-MLP,XAJ-TGD,3.8191605721865036,3.3345493759051323,4.188377058682539,0.8538276827774065,3.603517827728752,0.94953480210257,3.764466349436946,3.905085278471674
rmse,full_sample,train,full_sample,531,dPL-MLP,XAJ-TGD,0.38893430845015947,0.32985967061079385,0.4664720998551789,0.13661242924438505,0.42343714756339973,0.1519255683364112,0.3751863554445322,0.3976853840900887
kge,snow_stratum,train,S1,165,dPL-MLP,XAJ-TGD,0.8074991761882124,0.7132684583679527,0.8769691969050026,0.16370073853704992,0.7637031037706226,0.17885258726520079,0.7846997028741495,0.8283745437802575
kge,snow_stratum,train,S2,156,dPL-MLP,XAJ-TGD,0.80174226413036,0.7312528208360665,0.8482242489606745,0.11697142812460803,0.7474887059451145,0.183175339556176,0.7898107578136229,0.8215129693980342
kge,snow_stratum,train,S3,121,dPL-MLP,XAJ-TGD,0.7063261423981257,0.6508626307527917,0.7649425351445522,0.11407990439176052,0.6680620732011686,0.19973803466027046,0.6865059405055489,0.728142273541297
kge,snow_stratum,train,S4,34,dPL-MLP,XAJ-TGD,0.6697851819746007,0.5742079184154887,0.7505123747811242,0.17630445636563552,0.6324248041558307,0.199098019375801,0.6049936550125188,0.7401065239511575
kge,snow_stratum,train,S5,55,dPL-MLP,XAJ-TGD,0.7166055980958431,0.6231284659842546,0.7841604818486847,0.16103201586443006,0.6791116072811012,0.15493865972861326,0.6569193803778848,0.7638321144373007
kge,full_sample,train,full_sample,531,dPL-MLP,XAJ-CN,0.8242620830678771,0.7351288330764019,0.8673662502167707,0.13223741714036885,0.7680685080355335,0.1698303724099928,0.8152205196817217,0.8329165750313583
nse,full_sample,train,full_sample,531,dPL-MLP,XAJ-CN,0.7330489789144832,0.6483723914225817,0.7739979377059322,0.12562554628335043,0.6796650826337569,0.16133885378949311,0.7244594936976355,0.7412707462797903
pbias,full_sample,train,full_sample,531,dPL-MLP,XAJ-CN,4.121310415339385,3.6756441653820096,4.336831251083854,0.6611870857018447,3.8403425401776685,0.8491518620499638,4.076102598408609,4.164582875156792
rmse,full_sample,train,full_sample,531,dPL-MLP,XAJ-CN,0.34059033354569834,0.3061069998265834,0.4118969335388785,0.10578993371229511,0.3855451935715731,0.13586429792799423,0.33366673997491336,0.3478235842546227
kge,snow_stratum,train,S1,165,dPL-MLP,XAJ-CN,0.8152205196817217,0.7023860810541802,0.8705739380526005,0.16818785699842032,0.7584750512334052,0.1783935433093082,0.7815718553044406,0.8345752182969515
kge,snow_stratum,train,S2,156,dPL-MLP,XAJ-CN,0.8258690326004368,0.7613193079276795,0.8651786794154748,0.10385937148779523,0.7752383522875825,0.1534686483120184,0.8108283400792096,0.8397950755260857
kge,snow_stratum,train,S3,121,dPL-MLP,XAJ-CN,0.8338559536082799,0.7713106320515175,0.8652298114378106,0.09391917938629313,0.7723293889024828,0.19371503481179211,0.8238792561715929,0.8470797963421244
kge,snow_stratum,train,S4,34,dPL-MLP,XAJ-CN,0.7682756367979475,0.6593873145105328,0.8439211659990591,0.1845338514885263,0.7145709980648638,0.18214146581501653,0.6972428289538288,0.8142015172644853
kge,snow_stratum,train,S5,55,dPL-MLP,XAJ-CN,0.8242015942577201,0.7409758886136615,0.8774079339563883,0.1364320453427268,0.8002098430015977,0.09926970608260716,0.7956421827051939,0.8484782920133798
kge,full_sample,test,full_sample,531,IC-CMA-ES,XAJ-Base,0.6721597920247813,0.4911596204340955,0.7775133193628598,0.28635369892876433,0.5798733948567217,0.3003433228994657,0.650488214840888,0.6919265469987593
nse,full_sample,test,full_sample,531,IC-CMA-ES,XAJ-Base,0.5885518024235421,0.4166016394123907,0.6886376533947167,0.272036013982326,0.5008797251138856,0.28532615675449235,0.5679638040988435,0.6073302196488213
pbias,full_sample,test,full_sample,531,IC-CMA-ES,XAJ-Base,3.3607989601239066,2.4557981021704776,3.887566596814299,1.4317684946438214,2.899366974283608,1.5017166144973284,3.25244107420444,3.4596327349937965
rmse,full_sample,test,full_sample,531,IC-CMA-ES,XAJ-Base,0.462272166380175,0.37798934450971217,0.6070723036527236,0.2290829591430114,0.5361012841146228,0.24027465831957254,0.4464587624009926,0.47960942812728957
kge,snow_stratum,test,S1,165,IC-CMA-ES,XAJ-Base,0.7447886125946239,0.5979658426049116,0.8267672423669575,0.22880139976204594,0.6702646833249989,0.26379263545205045,0.7257977111735245,0.7813473792574092
kge,snow_stratum,test,S2,156,IC-CMA-ES,XAJ-Base,0.7270366207352998,0.638934274559871,0.79331347706096,0.15437920250108905,0.6873113456807521,0.17056785435185284,0.6974069872623387,0.7505935361867171
kge,snow_stratum,test,S3,121,IC-CMA-ES,XAJ-Base,0.6238309402239999,0.5066319686583098,0.7150834950597655,0.2084515264014557,0.5415996170057175,0.34136201420309503,0.5820318188548903,0.6483674202813843
kge,snow_stratum,test,S4,34,IC-CMA-ES,XAJ-Base,0.5059176433086086,0.26637059388961876,0.6723251604797488,0.40595456659013,0.4461014597413433,0.24771986697787143,0.2971134502837426,0.6013767398695696
kge,snow_stratum,test,S5,55,IC-CMA-ES,XAJ-Base,0.0897939031897098,-0.00236705960461865,0.3044168742336809,0.30678393383829955,0.1708641219127192,0.2156342612753327,0.0545032618991689,0.2231983628362893
kge,full_sample,test,full_sample,531,IC-CMA-ES,XAJ-TGD,0.7094631278294463,0.5988597443363584,0.790218382574613,0.1913586382382546,0.6550708787468965,0.2335516361122274,0.697585755836236,0.7270931470762476
nse,full_sample,test,full_sample,531,IC-CMA-ES,XAJ-TGD,0.623989971437974,0.5189167571195403,0.7007074634458823,0.18179070632634198,0.5723173348095517,0.221874054306616,0.6127064680444242,0.6407384897224352
pbias,full_sample,test,full_sample,531,IC-CMA-ES,XAJ-TGD,3.5473156391472314,2.9942987216817913,3.951091912873065,0.9567931911912737,3.2753543937344824,1.167758180561137,3.48792877918118,3.635465735381238
rmse,full_sample,test,full_sample,531,IC-CMA-ES,XAJ-TGD,0.43242949773644296,0.36782529394030966,0.5209122045309134,0.1530869105906037,0.4759432970024828,0.18684130888978193,0.4183254823390019,0.44193139533101117
kge,snow_stratum,test,S1,165,IC-CMA-ES,XAJ-TGD,0.7539973304910569,0.6171048059401409,0.8262088199668297,0.20910401402668877,0.6749246324301448,0.2511383068224231,0.7288844404723778,0.7724388322571081
kge,snow_stratum,test,S2,156,IC-CMA-ES,XAJ-TGD,0.738201805655681,0.6493994429863714,0.8007409826746719,0.15134153968830044,0.6967103401002678,0.17186297715905471,0.7181086998407231,0.758050749931481
kge,snow_stratum,test,S3,121,IC-CMA-ES,XAJ-TGD,0.6788665099343669,0.583652968909222,0.7394777565842731,0.15582478767505104,0.6023682479476746,0.2980199563954985,0.6625968063581245,0.7016629762283539
kge,snow_stratum,test,S4,34,IC-CMA-ES,XAJ-TGD,0.652271444550192,0.5381060294070953,0.7015093653841766,0.16340333597708134,0.6003589718774974,0.1753892651662314,0.6051994891582918,0.6917776958828625
kge,snow_stratum,test,S5,55,IC-CMA-ES,XAJ-TGD,0.649174716555464,0.5546588301798894,0.7230756545733878,0.16841682439349848,0.6271726574996886,0.15614364523606766,0.6024755487114235,0.6915278243851755
kge,full_sample,test,full_sample,531,IC-CMA-ES,XAJ-CN,0.7601736896594522,0.6541183104377069,0.8282716412760258,0.17415333083831896,0.6963741122179397,0.25153209420010114,0.7463768694058976,0.771918248125308
nse,full_sample,test,full_sample,531,IC-CMA-ES,XAJ-CN,0.6721650051764795,0.5714123949158215,0.7368580592122245,0.16544566429640295,0.6115554066070426,0.23895548949009604,0.6590580259356027,0.6833223357190426
pbias,full_sample,test,full_sample,531,IC-CMA-ES,XAJ-CN,3.800868448297261,3.2705915521885345,4.141358206380129,0.8707666541915948,3.4818705610896985,1.2576604710005055,3.7318843470294882,3.8595912406265396
rmse,full_sample,test,full_sample,531,IC-CMA-ES,XAJ-CN,0.3918610482724383,0.3373826869791794,0.4767053516498345,0.13932266467065513,0.4429007102256483,0.20122567536008087,0.38246540149975367,0.4028985044752819
kge,snow_stratum,test,S1,165,IC-CMA-ES,XAJ-CN,0.7506341685507789,0.6137038668614654,0.8280266770087472,0.21432281014728183,0.6816792036475311,0.24021679164615992,0.7198159148327549,0.7812263003871127
kge,snow_stratum,test,S2,156,IC-CMA-ES,XAJ-CN,0.7463248893407375,0.659735928656397,0.8201186619640931,0.16038273330769615,0.7074767635940125,0.1699907330184984,0.7259849226842097,0.7649947345241186
kge,snow_stratum,test,S3,121,IC-CMA-ES,XAJ-CN,0.751565303414322,0.6384445370407339,0.8239939289747485,0.18554939193401465,0.6631737864645264,0.3707221807949413,0.7268320803715776,0.7799021131007127
kge,snow_stratum,test,S4,34,IC-CMA-ES,XAJ-CN,0.765634329651455,0.5782677693116249,0.8160146608260412,0.2377468915144163,0.672932086758534,0.22524932791051516,0.6566502998414424,0.7988105571749797
kge,snow_stratum,test,S5,55,IC-CMA-ES,XAJ-CN,0.8136043266913788,0.7550031253996761,0.8574614943835142,0.10245836898383809,0.7964998318767182,0.09079805449349419,0.7897143351947643,0.848788766807374
kge,full_sample,test,full_sample,531,dPL-MLP,XAJ-Base,0.678269439895159,0.5082111980139953,0.781414179323676,0.2732029813096807,0.5889736185597703,0.28024942171939077,0.6564565559903367,0.7020769428175531
nse,full_sample,test,full_sample,531,dPL-MLP,XAJ-Base,0.5943559679004009,0.4328006381132955,0.692343470357492,0.2595428322441965,0.5095249376317817,0.26623695063342123,0.5736337281908198,0.6169730956766754
pbias,full_sample,test,full_sample,531,dPL-MLP,XAJ-Base,3.3913471994757947,2.5410559900699763,3.9070708966183796,1.3660149065484033,2.944868092798851,1.4012471085969538,3.2822827799516836,3.510384714087765
rmse,full_sample,test,full_sample,531,dPL-MLP,XAJ-Base,0.45738444808387285,0.3748686565410593,0.5934310415888038,0.2185623850477445,0.5288211051521838,0.22419953737551265,0.4383384457459576,0.47483475520773066
kge,snow_stratum,test,S1,165,dPL-MLP,XAJ-Base,0.7625664729046697,0.6158155175232402,0.8207162217549704,0.20490070423173024,0.680723390056671,0.2150602363348486,0.7258786523237337,0.7806321921759469
kge,snow_stratum,test,S2,156,dPL-MLP,XAJ-Base,0.7354192667462982,0.6427527514102402,0.8030890084931344,0.16033625708289412,0.6882213545233509,0.20211506868622425,0.7064061924674834,0.7508871452451603
kge,snow_stratum,test,S3,121,dPL-MLP,XAJ-Base,0.637362405526769,0.5426081403085895,0.7191656891176201,0.17655754880903063,0.5706938284641109,0.28543407923238817,0.6064650606725046,0.6580839040855384
kge,snow_stratum,test,S4,34,dPL-MLP,XAJ-Base,0.5159664631424221,0.27649353757354034,0.6533327283912123,0.3768391908176719,0.44788383656809055,0.24204412708047834,0.3200937402547544,0.5869838356054514
kge,snow_stratum,test,S5,55,dPL-MLP,XAJ-Base,0.0951852178233516,0.01342032104637645,0.2775389953655742,0.2641186743191977,0.15965631095949084,0.19401791990586822,0.075268347977727,0.2142740373958858
kge,full_sample,test,full_sample,531,dPL-MLP,XAJ-TGD,0.7180926051807259,0.6001893110846304,0.7924962978285495,0.1923069867439191,0.6609944198407387,0.2180640634739274,0.7017012077405163,0.7330009600741388
nse,full_sample,test,full_sample,531,dPL-MLP,XAJ-TGD,0.6321879749216895,0.5201798455303988,0.7028714829371219,0.18269163740672312,0.5779446988487016,0.207160860300231,0.6166161473534904,0.6463509120704319
pbias,full_sample,test,full_sample,531,dPL-MLP,XAJ-TGD,3.5904630259036296,3.0009465554231523,3.962481489142747,0.9615349337195949,3.304972099203693,1.090320317369637,3.5085060387025813,3.6650048003706948
rmse,full_sample,test,full_sample,531,dPL-MLP,XAJ-TGD,0.42552591585541927,0.3660029617371605,0.5198485511322957,0.15384558939513515,0.47120446412740913,0.17445125077914192,0.4135992319406889,0.438639033807587
kge,snow_stratum,test,S1,165,dPL-MLP,XAJ-TGD,0.7629133662445313,0.593086056257105,0.8335390110930823,0.24045295483597728,0.6862164019642648,0.2170625106951213,0.7314451697373192,0.791339978538294
kge,snow_stratum,test,S2,156,dPL-MLP,XAJ-TGD,0.7452148843228401,0.6496634255253739,0.8086806408258596,0.15901721530048563,0.688977688720975,0.23063526949334096,0.7294974609345184,0.7610123766728196
kge,snow_stratum,test,S3,121,dPL-MLP,XAJ-TGD,0.6931673277122304,0.6060615272366923,0.7478402100869352,0.14177868285024298,0.6309421766252993,0.22108633332865021,0.6653262790901491,0.7106822937653852
kge,snow_stratum,test,S4,34,dPL-MLP,XAJ-TGD,0.6188118220450558,0.5032307748164745,0.685124428539259,0.18189365372278454,0.5603895241792607,0.18523943619132155,0.5520300563896801,0.6565232686969178
kge,snow_stratum,test,S5,55,dPL-MLP,XAJ-TGD,0.6608589790183357,0.5557898407473347,0.719234343926987,0.1634445031796523,0.6276755537645103,0.14875459659101326,0.5996627423011919,0.6859537343558153
kge,full_sample,test,full_sample,531,dPL-MLP,XAJ-CN,0.7602297357920599,0.646444631327186,0.8188113803057693,0.17236674897858328,0.6925286813246112,0.20120930600069303,0.7415398822093608,0.7693831483394943
nse,full_sample,test,full_sample,531,dPL-MLP,XAJ-CN,0.6722182490024569,0.5641223997608267,0.7278708112904808,0.16374841152965414,0.6079022472583806,0.19114884070065835,0.6544628880988927,0.6809139909225195
pbias,full_sample,test,full_sample,531,dPL-MLP,XAJ-CN,3.8011486789602995,3.2322231566359303,4.094056901528846,0.8618337448929161,3.462643406623056,1.0060465300034651,3.7076994110468044,3.8469157416974715
rmse,full_sample,test,full_sample,531,dPL-MLP,XAJ-CN,0.39181621136635214,0.3449508957553846,0.4828442949382512,0.13789339918286658,0.44597705494031104,0.16096744480055444,0.3844934813284046,0.4067680942325113
kge,snow_stratum,test,S1,165,dPL-MLP,XAJ-CN,0.755856901236798,0.6211330153869568,0.8213590565420612,0.20022604115510445,0.67624215962024,0.22717310786300443,0.7265015588056161,0.7738075431955442
kge,snow_stratum,test,S2,156,dPL-MLP,XAJ-CN,0.7499717943361137,0.6545785896207932,0.8135008467553553,0.1589222571345621,0.7048900456753889,0.182774505774406,0.7193822082943028,0.7734457781611247
kge,snow_stratum,test,S3,121,dPL-MLP,XAJ-CN,0.7415418500412986,0.6275801940120928,0.812247822538184,0.1846676285260912,0.6756141522628261,0.2127658457228005,0.7041937509547089,0.7709742675479528
kge,snow_stratum,test,S4,34,dPL-MLP,XAJ-CN,0.70004479757492,0.5714176854463201,0.8011617025766367,0.22974401713031656,0.6627323119770151,0.17870562319691027,0.6396440222830283,0.7924551627990812
kge,snow_stratum,test,S5,55,dPL-MLP,XAJ-CN,0.8017568199650321,0.7457013560197873,0.8424361579212385,0.09673480190145123,0.7619584598117789,0.12135775249085091,0.7688530869172214,0.8246596783191605
