metric,period,paradigm,effect,summary_level,snow_stratum,stratum_n,valid_basin_count,median,bootstrap_ci_low,bootstrap_ci_high,fraction_positive,model
kge,train,IC-CMA-ES,TGD-Base,full_sample,full_sample,531,531,0.017461138372530383,0.014015182234531076,0.020418479285578495,0.8832391713747646,
kge,train,IC-CMA-ES,TGD-Base,snow_stratum,S1,165,165,0.0024670004672243673,0.0016754597945435323,0.004055672098893755,0.7393939393939394,
kge,train,IC-CMA-ES,TGD-Base,snow_stratum,S2,156,156,0.011598099006322415,0.010267870587834738,0.015743760276748064,0.9038461538461539,
kge,train,IC-CMA-ES,TGD-Base,snow_stratum,S3,121,121,0.04689584200211827,0.03821095636546479,0.06117367903751203,0.9917355371900827,
kge,train,IC-CMA-ES,TGD-Base,snow_stratum,S4,34,34,0.10190057131771918,0.03442315858365774,0.30937020660240244,0.9117647058823529,
kge,train,IC-CMA-ES,TGD-Base,snow_stratum,S5,55,55,0.5613844988996656,0.4582856528528534,0.6409248984630058,1.0,
kge,train,IC-CMA-ES,CN-TGD,full_sample,full_sample,531,531,0.009162283567397345,0.005857538472717971,0.01359905215251056,0.6666666666666666,
kge,train,IC-CMA-ES,CN-TGD,snow_stratum,S1,165,165,-0.0020214868384840212,-0.002876861871389469,-0.0012528783251808395,0.3212121212121212,
kge,train,IC-CMA-ES,CN-TGD,snow_stratum,S2,156,156,0.006813991090540317,0.0044285864856462576,0.00903470407115502,0.6987179487179487,
kge,train,IC-CMA-ES,CN-TGD,snow_stratum,S3,121,121,0.09838521313638071,0.08250921217338392,0.10907322975770206,0.8925619834710744,
kge,train,IC-CMA-ES,CN-TGD,snow_stratum,S4,34,34,0.09277326014144954,0.055190667683115396,0.10604440077375704,0.8823529411764706,
kge,train,IC-CMA-ES,CN-TGD,snow_stratum,S5,55,55,0.1842258173059378,0.12617067841264573,0.24079432239542498,0.9818181818181818,
kge,train,IC-CMA-ES,CN-Base,full_sample,full_sample,531,531,0.02213692392671529,0.017213887914093375,0.0321524232183219,0.8173258003766478,
kge,train,IC-CMA-ES,CN-Base,snow_stratum,S1,165,165,0.00138788022541525,0.00011743046972068072,0.0024980790807697106,0.5878787878787879,
kge,train,IC-CMA-ES,CN-Base,snow_stratum,S2,156,156,0.01828132014231182,0.015799497514541475,0.021596877009247402,0.8653846153846154,
kge,train,IC-CMA-ES,CN-Base,snow_stratum,S3,121,121,0.15366962106493243,0.13532403156970407,0.1726862820058619,0.9421487603305785,
kge,train,IC-CMA-ES,CN-Base,snow_stratum,S4,34,34,0.24331542284370894,0.1353845329509749,0.3628189886669232,0.9705882352941176,
kge,train,IC-CMA-ES,CN-Base,snow_stratum,S5,55,55,0.7333830147320395,0.6453753045680002,0.8161392858399108,1.0,
kge,train,dPL-MLP,TGD-Base,full_sample,full_sample,515,515,0.011156010979442632,0.007703848368315502,0.015831201375270942,0.6427184466019418,
kge,train,dPL-MLP,TGD-Base,snow_stratum,S1,161,161,-0.0001649224803460525,-0.0035612829474779284,0.001894121817759263,0.4906832298136646,
kge,train,dPL-MLP,TGD-Base,snow_stratum,S2,155,155,0.002011756411209653,-0.0013856176560747002,0.006743871652846289,0.5419354838709678,
kge,train,dPL-MLP,TGD-Base,snow_stratum,S3,118,118,0.024806025266295165,0.019223780695242887,0.0315502210546989,0.7711864406779662,
kge,train,dPL-MLP,TGD-Base,snow_stratum,S4,32,32,0.189894587867739,0.03035790097707297,0.3341107178899258,0.90625,
kge,train,dPL-MLP,TGD-Base,snow_stratum,S5,49,49,0.5632655055959805,0.5231494467265364,0.6156915594201688,0.9795918367346939,
kge,train,dPL-MLP,CN-TGD,full_sample,full_sample,515,515,0.022158744818391307,0.01495981390282275,0.02807566199696195,0.7048543689320388,
kge,train,dPL-MLP,CN-TGD,snow_stratum,S1,161,161,-0.0027200016201276433,-0.006773999972218614,0.002149003408603134,0.4658385093167702,
kge,train,dPL-MLP,CN-TGD,snow_stratum,S2,155,155,0.01631174548914216,0.009403605216843136,0.02325368603340172,0.7548387096774194,
kge,train,dPL-MLP,CN-TGD,snow_stratum,S3,118,118,0.10939324986224741,0.09620658516158508,0.12095412090637309,0.8983050847457628,
kge,train,dPL-MLP,CN-TGD,snow_stratum,S4,32,32,0.07788799655006806,0.03832601217115188,0.1108883744329,0.8125,
kge,train,dPL-MLP,CN-TGD,snow_stratum,S5,49,49,0.10329567339903767,0.03272592710146316,0.1686566725564993,0.7959183673469388,
kge,train,dPL-MLP,CN-Base,full_sample,full_sample,531,531,0.026811188267728325,0.021036617735375067,0.03577030251557123,0.71939736346516,
kge,train,dPL-MLP,CN-Base,snow_stratum,S1,165,165,-0.002837842514291977,-0.005667275641937919,0.003389752397000678,0.4484848484848485,
kge,train,dPL-MLP,CN-Base,snow_stratum,S2,156,156,0.016997876547939328,0.011046612143411627,0.023777988562547026,0.7243589743589743,
kge,train,dPL-MLP,CN-Base,snow_stratum,S3,121,121,0.145225323799826,0.12119124282552662,0.17120724143918709,0.9090909090909091,
kge,train,dPL-MLP,CN-Base,snow_stratum,S4,34,34,0.2431725480470654,0.13355186131633157,0.4060747466739127,0.8823529411764706,
kge,train,dPL-MLP,CN-Base,snow_stratum,S5,55,55,0.6507923487230906,0.5631678151794196,0.7120662090459252,1.0,
kge,test,IC-CMA-ES,TGD-Base,full_sample,full_sample,531,531,0.013561335584440393,0.009698940481241314,0.017388830505310125,0.704331450094162,
kge,test,IC-CMA-ES,TGD-Base,snow_stratum,S1,165,165,0.0010577995266299878,-0.0003374924003165525,0.003583522625590532,0.5575757575757576,
kge,test,IC-CMA-ES,TGD-Base,snow_stratum,S2,156,156,0.006016649498160553,0.0035584345678333906,0.011008936188262835,0.6346153846153846,
kge,test,IC-CMA-ES,TGD-Base,snow_stratum,S3,121,121,0.035459727102676086,0.02732175622361943,0.0465838189799912,0.8429752066115702,
kge,test,IC-CMA-ES,TGD-Base,snow_stratum,S4,34,34,0.0494148145405765,0.022263195557197135,0.21242392552425868,0.8823529411764706,
kge,test,IC-CMA-ES,TGD-Base,snow_stratum,S5,55,55,0.48204608799539017,0.4092987502540706,0.5989779982537413,0.9272727272727272,
kge,test,IC-CMA-ES,CN-TGD,full_sample,full_sample,531,531,0.01459217867415663,0.010646280418050713,0.019555475440550873,0.6779661016949152,
kge,test,IC-CMA-ES,CN-TGD,snow_stratum,S1,165,165,0.0014667275236973643,-0.0011957920555911716,0.005096632414213431,0.5272727272727272,
kge,test,IC-CMA-ES,CN-TGD,snow_stratum,S2,156,156,0.007258972452275081,0.0023917326968047824,0.010646280418050713,0.6217948717948718,
kge,test,IC-CMA-ES,CN-TGD,snow_stratum,S3,121,121,0.06781032115713637,0.04762866098147123,0.07670528701602553,0.8264462809917356,
kge,test,IC-CMA-ES,CN-TGD,snow_stratum,S4,34,34,0.10350816753539516,0.023848421886207647,0.14590006108448278,0.7941176470588235,
kge,test,IC-CMA-ES,CN-TGD,snow_stratum,S5,55,55,0.1588132233132552,0.10971210810579357,0.21089834530958906,0.8909090909090909,
kge,test,IC-CMA-ES,CN-Base,full_sample,full_sample,531,531,0.027315425020796535,0.02052506083700545,0.03594677352397213,0.7325800376647834,
kge,test,IC-CMA-ES,CN-Base,snow_stratum,S1,165,165,0.001379019718125707,-0.0007134751156978592,0.003867364259200201,0.5393939393939394,
kge,test,IC-CMA-ES,CN-Base,snow_stratum,S2,156,156,0.01294838284940869,0.00981986979156501,0.019608037921047938,0.6858974358974359,
kge,test,IC-CMA-ES,CN-Base,snow_stratum,S3,121,121,0.10691340780912861,0.0948088631748914,0.12279770491660436,0.9008264462809917,
kge,test,IC-CMA-ES,CN-Base,snow_stratum,S4,34,34,0.18984632940382545,0.13707592243329514,0.2957575775644321,0.8823529411764706,
kge,test,IC-CMA-ES,CN-Base,snow_stratum,S5,55,55,0.6831842626764355,0.5520737372437906,0.7663138959143586,0.9818181818181818,
kge,test,dPL-MLP,TGD-Base,full_sample,full_sample,515,515,0.01465987746021602,0.011630878196031036,0.020240076126657458,0.6563106796116505,
kge,test,dPL-MLP,TGD-Base,snow_stratum,S1,161,161,-6.979111126248494e-05,-0.005443340205120606,0.005822078028994704,0.4968944099378882,
kge,test,dPL-MLP,TGD-Base,snow_stratum,S2,155,155,0.006102451189815561,0.0008336213039176199,0.011857742486608869,0.5935483870967742,
kge,test,dPL-MLP,TGD-Base,snow_stratum,S3,118,118,0.03609566927866925,0.023925291613214106,0.04472202677500128,0.7711864406779662,
kge,test,dPL-MLP,TGD-Base,snow_stratum,S4,32,32,0.03456707954382371,0.02351465345599052,0.18807984571263328,0.84375,
kge,test,dPL-MLP,TGD-Base,snow_stratum,S5,49,49,0.5205920856871434,0.4316668178086908,0.5795613380969568,0.9795918367346939,
kge,test,dPL-MLP,CN-TGD,full_sample,full_sample,515,515,0.011384229004068214,0.006581309230673904,0.016265037564111153,0.5902912621359223,
kge,test,dPL-MLP,CN-TGD,snow_stratum,S1,161,161,-0.0031976691721645745,-0.012455439151180303,0.0043760161279622345,0.4720496894409938,
kge,test,dPL-MLP,CN-TGD,snow_stratum,S2,155,155,0.004154583061522721,-0.006190883377742429,0.010664559637129978,0.5290322580645161,
kge,test,dPL-MLP,CN-TGD,snow_stratum,S3,118,118,0.04040502927009659,0.025791966795403565,0.07040647916995656,0.6864406779661016,
kge,test,dPL-MLP,CN-TGD,snow_stratum,S4,32,32,0.11245238534702523,0.027260559086347336,0.1419418676802826,0.75,
kge,test,dPL-MLP,CN-TGD,snow_stratum,S5,49,49,0.1314691079057252,0.10060836586673816,0.19565075650015062,0.8367346938775511,
kge,test,dPL-MLP,CN-Base,full_sample,full_sample,531,531,0.02344766781921004,0.01539594923973997,0.02922211037179534,0.6629001883239172,
kge,test,dPL-MLP,CN-Base,snow_stratum,S1,165,165,-0.002167328774992705,-0.007054558053773974,0.0011834108729086856,0.45454545454545453,
kge,test,dPL-MLP,CN-Base,snow_stratum,S2,156,156,0.006742700525252721,0.0008320432883109352,0.014255253806555127,0.5897435897435898,
kge,test,dPL-MLP,CN-Base,snow_stratum,S3,121,121,0.0835355125965348,0.06569638780923381,0.10140203300960093,0.8347107438016529,
kge,test,dPL-MLP,CN-Base,snow_stratum,S4,34,34,0.19123421965287224,0.1560297602170224,0.241936636757754,0.8529411764705882,
kge,test,dPL-MLP,CN-Base,snow_stratum,S5,55,55,0.62004644103135,0.5846450010099065,0.7075473920436945,1.0,
ct_error_abs,test,IC-CMA-ES,TGD-Base,full_sample,full_sample,531,531,1.0,0.6666666666666679,1.3333333333333321,,
ct_error_abs,test,IC-CMA-ES,TGD-Base,snow_stratum,S1,165,165,-0.06666666666666643,-0.3333333333333339,0.1333333333333293,,
ct_error_abs,test,IC-CMA-ES,TGD-Base,snow_stratum,S2,156,156,0.5666666666666678,0.06583333333333315,1.0,,
ct_error_abs,test,IC-CMA-ES,TGD-Base,snow_stratum,S3,121,121,1.7333333333333325,1.2666666666666675,3.066666666666668,,
ct_error_abs,test,IC-CMA-ES,TGD-Base,snow_stratum,S4,34,34,4.5000000000000036,2.5333333333333314,13.466666666666667,,
ct_error_abs,test,IC-CMA-ES,TGD-Base,snow_stratum,S5,55,55,38.33333333333333,31.533333333333335,41.06666666666667,,
ct_error_abs,test,IC-CMA-ES,CN-TGD,full_sample,full_sample,531,531,0.7333333333333325,0.4666666666666668,1.2666666666666657,,
ct_error_abs,test,IC-CMA-ES,CN-TGD,snow_stratum,S1,165,165,0.13333333333333286,-0.13333333333333375,0.3333333333333357,,
ct_error_abs,test,IC-CMA-ES,CN-TGD,snow_stratum,S2,156,156,0.9333333333333318,0.5666666666666655,1.4333333333333322,,
ct_error_abs,test,IC-CMA-ES,CN-TGD,snow_stratum,S3,121,121,-0.1999999999999993,-1.7333333333333307,1.666666666666666,,
ct_error_abs,test,IC-CMA-ES,CN-TGD,snow_stratum,S4,34,34,5.833333333333332,3.6428571428571423,9.274166666666659,,
ct_error_abs,test,IC-CMA-ES,CN-TGD,snow_stratum,S5,55,55,8.4,6.399999999999999,10.799999999999999,,
ct_error_abs,test,IC-CMA-ES,CN-Base,full_sample,full_sample,531,531,2.0666666666666673,1.333333333333334,2.5999999999999996,,
ct_error_abs,test,IC-CMA-ES,CN-Base,snow_stratum,S1,165,165,0.06666666666666643,-0.13333333333333286,0.3333333333333339,,
ct_error_abs,test,IC-CMA-ES,CN-Base,snow_stratum,S2,156,156,1.4000000000000012,0.5666666666666673,2.1999999999999993,,
ct_error_abs,test,IC-CMA-ES,CN-Base,snow_stratum,S3,121,121,5.733333333333334,3.733333333333329,6.666666666666668,,
ct_error_abs,test,IC-CMA-ES,CN-Base,snow_stratum,S4,34,34,17.483333333333334,12.066666666666666,27.666666666666664,,
ct_error_abs,test,IC-CMA-ES,CN-Base,snow_stratum,S5,55,55,47.46666666666666,41.6,51.4,,
ct_error_abs,test,dPL-MLP,TGD-Base,full_sample,full_sample,515,515,0.40000000000000213,0.20000000000000107,0.5999999999999979,,
ct_error_abs,test,dPL-MLP,TGD-Base,snow_stratum,S1,161,161,-0.0666666666666682,-0.33333333333333304,0.1999999999999993,,
ct_error_abs,test,dPL-MLP,TGD-Base,snow_stratum,S2,155,155,-0.13333333333333286,-0.40000000000000036,0.13333333333333286,,
ct_error_abs,test,dPL-MLP,TGD-Base,snow_stratum,S3,118,118,1.5333333333333314,0.8333333333333357,2.533333333333333,,
ct_error_abs,test,dPL-MLP,TGD-Base,snow_stratum,S4,32,32,3.633333333333333,1.3333333333333321,12.411666666666658,,
ct_error_abs,test,dPL-MLP,TGD-Base,snow_stratum,S5,49,49,37.86666666666667,34.2,40.06666666666667,,
ct_error_abs,test,dPL-MLP,CN-TGD,full_sample,full_sample,515,515,0.40000000000000213,0.1999999999999993,0.7999999999999972,,
ct_error_abs,test,dPL-MLP,CN-TGD,snow_stratum,S1,161,161,-0.06666666666666643,-0.33333333333333215,0.20000000000000284,,
ct_error_abs,test,dPL-MLP,CN-TGD,snow_stratum,S2,155,155,0.7999999999999989,0.3999999999999986,1.200000000000001,,
ct_error_abs,test,dPL-MLP,CN-TGD,snow_stratum,S3,118,118,-0.633333333333332,-2.3341666666666674,0.3333333333333326,,
ct_error_abs,test,dPL-MLP,CN-TGD,snow_stratum,S4,32,32,0.7476190476190476,-2.200000000000001,5.199999999999999,,
ct_error_abs,test,dPL-MLP,CN-TGD,snow_stratum,S5,49,49,6.133333333333331,4.1949999999999985,8.866666666666669,,
ct_error_abs,test,dPL-MLP,CN-Base,full_sample,full_sample,531,531,0.8666666666666671,0.3999999999999986,1.2666666666666657,,
ct_error_abs,test,dPL-MLP,CN-Base,snow_stratum,S1,165,165,-0.13333333333333286,-0.33333333333333215,0.06666666666666643,,
ct_error_abs,test,dPL-MLP,CN-Base,snow_stratum,S2,156,156,0.3000000000000025,-0.033333333333333215,0.9333333333333336,,
ct_error_abs,test,dPL-MLP,CN-Base,snow_stratum,S3,121,121,3.133333333333331,0.46666666666666856,4.199999999999999,,
ct_error_abs,test,dPL-MLP,CN-Base,snow_stratum,S4,34,34,12.766666666666666,8.0,21.76666666666667,,
ct_error_abs,test,dPL-MLP,CN-Base,snow_stratum,S5,55,55,46.13333333333333,39.0,48.0,,
amjj_error_abs,test,IC-CMA-ES,TGD-Base,full_sample,full_sample,531,531,0.004568090165135999,0.0035407382779142,0.005905876060326901,,
amjj_error_abs,test,IC-CMA-ES,TGD-Base,snow_stratum,S1,165,165,0.0008417469353994012,2.249261023504201e-06,0.0022715131441752023,,
amjj_error_abs,test,IC-CMA-ES,TGD-Base,snow_stratum,S2,156,156,0.002690249584120799,0.0012318649843309007,0.0042013035681313475,,
amjj_error_abs,test,IC-CMA-ES,TGD-Base,snow_stratum,S3,121,121,0.00815871762802911,0.005490038893613797,0.011757045984268195,,
amjj_error_abs,test,IC-CMA-ES,TGD-Base,snow_stratum,S4,34,34,0.03200754319934616,0.010062665740648902,0.097275841248624,,
amjj_error_abs,test,IC-CMA-ES,TGD-Base,snow_stratum,S5,55,55,0.2322090597863493,0.20426638953387743,0.2860481358458643,,
amjj_error_abs,test,IC-CMA-ES,CN-TGD,full_sample,full_sample,531,531,0.003437556855254202,0.002195426899390493,0.0048646556387538994,,
amjj_error_abs,test,IC-CMA-ES,CN-TGD,snow_stratum,S1,165,165,0.00030858692846939817,-0.0004943388203779986,0.0011193310325885962,,
amjj_error_abs,test,IC-CMA-ES,CN-TGD,snow_stratum,S2,156,156,0.002672266960144054,0.0014890250125788995,0.004434025851394446,,
amjj_error_abs,test,IC-CMA-ES,CN-TGD,snow_stratum,S3,121,121,0.0105190688849221,0.006255260391066997,0.0151166690491705,,
amjj_error_abs,test,IC-CMA-ES,CN-TGD,snow_stratum,S4,34,34,0.0377666804955845,0.015256439222386509,0.0659704104386535,,
amjj_error_abs,test,IC-CMA-ES,CN-TGD,snow_stratum,S5,55,55,0.024830467374502802,0.0144547767759656,0.038509848258293095,,
amjj_error_abs,test,IC-CMA-ES,CN-Base,full_sample,full_sample,531,531,0.008406990269819906,0.006937150840976999,0.009985073316656542,,
amjj_error_abs,test,IC-CMA-ES,CN-Base,snow_stratum,S1,165,165,0.0006695573528607973,-7.255822420119962e-05,0.0020354300737380968,,
amjj_error_abs,test,IC-CMA-ES,CN-Base,snow_stratum,S2,156,156,0.006418208049354595,0.004698342280359774,0.007903093232957435,,
amjj_error_abs,test,IC-CMA-ES,CN-Base,snow_stratum,S3,121,121,0.02784019309391301,0.019383597299303293,0.0340697599363676,,
amjj_error_abs,test,IC-CMA-ES,CN-Base,snow_stratum,S4,34,34,0.10472284505904214,0.07040754096748861,0.14019709960385454,,
amjj_error_abs,test,IC-CMA-ES,CN-Base,snow_stratum,S5,55,55,0.2852406162658715,0.2220752370853398,0.3247136808046514,,
amjj_error_abs,test,dPL-MLP,TGD-Base,full_sample,full_sample,515,515,0.0015159462889035996,0.0009550882691503997,0.0024581452756472916,,
amjj_error_abs,test,dPL-MLP,TGD-Base,snow_stratum,S1,161,161,-0.00025545314271689656,-0.0008461055667172979,0.0006103098392487016,,
amjj_error_abs,test,dPL-MLP,TGD-Base,snow_stratum,S2,155,155,0.0005476097265878985,-0.0008587062358856,0.0014254523983407985,,
amjj_error_abs,test,dPL-MLP,TGD-Base,snow_stratum,S3,118,118,0.004663512798782651,0.001155299703610019,0.007651897877182978,,
amjj_error_abs,test,dPL-MLP,TGD-Base,snow_stratum,S4,32,32,0.04538531061501146,0.006621560951073913,0.1267289148344748,,
amjj_error_abs,test,dPL-MLP,TGD-Base,snow_stratum,S5,49,49,0.2553526711262144,0.2257975278554162,0.2765318052858159,,
amjj_error_abs,test,dPL-MLP,CN-TGD,full_sample,full_sample,515,515,0.003171637471249697,0.0019802351792652974,0.0040662793145973125,,
amjj_error_abs,test,dPL-MLP,CN-TGD,snow_stratum,S1,161,161,0.0008643770555843006,-0.00016332887280700106,0.0018051112691560983,,
amjj_error_abs,test,dPL-MLP,CN-TGD,snow_stratum,S2,155,155,0.004049191872278798,0.0026411195516172978,0.005073701615025801,,
amjj_error_abs,test,dPL-MLP,CN-TGD,snow_stratum,S3,118,118,0.006439144178253302,0.00025201331662959883,0.011139498154322303,,
amjj_error_abs,test,dPL-MLP,CN-TGD,snow_stratum,S4,32,32,0.010706148349197309,0.006701014580143102,0.0426503998914144,,
amjj_error_abs,test,dPL-MLP,CN-TGD,snow_stratum,S5,49,49,0.014182538273371497,0.008334863983414403,0.028028213514802794,,
amjj_error_abs,test,dPL-MLP,CN-Base,full_sample,full_sample,531,531,0.005008960006873904,0.003582786267938393,0.007019105393893499,,
amjj_error_abs,test,dPL-MLP,CN-Base,snow_stratum,S1,165,165,0.0005759574071505999,-0.00016189105417449903,0.0012583787242572003,,
amjj_error_abs,test,dPL-MLP,CN-Base,snow_stratum,S2,156,156,0.0035591100070628493,0.00248764393857275,0.005484186956382006,,
amjj_error_abs,test,dPL-MLP,CN-Base,snow_stratum,S3,121,121,0.016522932600950398,0.010595912800110602,0.0247427527548736,,
amjj_error_abs,test,dPL-MLP,CN-Base,snow_stratum,S4,34,34,0.09849197020929396,0.0629480338614877,0.1263388253244809,,
amjj_error_abs,test,dPL-MLP,CN-Base,snow_stratum,S5,55,55,0.24926569683431157,0.19723774974543068,0.2870187011135134,,
kge,test,IC-dPL,A_IC_minus_dPL,full_sample,full_sample,531,531,0.026875277325822733,0.023177585950034607,0.030550082854821636,,XAJ-Base
kge,test,IC-dPL,A_IC_minus_dPL,snow_stratum,S1,165,165,0.051866934686467525,0.03787337070771113,0.06969353147592539,,XAJ-Base
kge,test,IC-dPL,A_IC_minus_dPL,snow_stratum,S2,156,156,0.02803550656763165,0.02117445454751049,0.033999214162716514,,XAJ-Base
kge,test,IC-dPL,A_IC_minus_dPL,snow_stratum,S3,121,121,0.017638980278143257,0.014485407188948307,0.02161254778130517,,XAJ-Base
kge,test,IC-dPL,A_IC_minus_dPL,snow_stratum,S4,34,34,0.020591002729926977,0.015878215483540077,0.0441600780873069,,XAJ-Base
kge,test,IC-dPL,A_IC_minus_dPL,snow_stratum,S5,55,55,0.015965199139692,0.011072526593955079,0.023585019349647997,,XAJ-Base
kge,test,IC-dPL,B_IC_minus_dPL,full_sample,full_sample,531,531,-0.003154667509442599,-0.0064420150209855,0.0018162590284076519,,XAJ-Base
kge,test,IC-dPL,B_IC_minus_dPL,snow_stratum,S1,165,165,2.5024866400769064e-06,-0.015419919067448884,0.009248689474585237,,XAJ-Base
kge,test,IC-dPL,B_IC_minus_dPL,snow_stratum,S2,156,156,9.108650605210711e-05,-0.008277840840250517,0.004898669873951764,,XAJ-Base
kge,test,IC-dPL,B_IC_minus_dPL,snow_stratum,S3,121,121,-0.009684584695250464,-0.016639833869300985,-0.004887432117499424,,XAJ-Base
kge,test,IC-dPL,B_IC_minus_dPL,snow_stratum,S4,34,34,0.009853980580743271,-0.0044014550633652005,0.026565840137421616,,XAJ-Base
kge,test,IC-dPL,B_IC_minus_dPL,snow_stratum,S5,55,55,0.005894862946723298,-0.003835332662615182,0.013475027229913394,,XAJ-Base
kge,test,IC-dPL,D_IC_minus_dPL,full_sample,full_sample,531,531,-0.02625027198255947,-0.030753798191880066,-0.020565050816865882,,XAJ-Base
kge,test,IC-dPL,D_IC_minus_dPL,snow_stratum,S1,165,165,-0.044772379610082624,-0.06869337633263506,-0.0318484793394207,,XAJ-Base
kge,test,IC-dPL,D_IC_minus_dPL,snow_stratum,S2,156,156,-0.027053192755415956,-0.039277587401305825,-0.013614669373788857,,XAJ-Base
kge,test,IC-dPL,D_IC_minus_dPL,snow_stratum,S3,121,121,-0.025433491157489607,-0.03263069419172704,-0.017451514628666787,,XAJ-Base
kge,test,IC-dPL,D_IC_minus_dPL,snow_stratum,S4,34,34,-0.012537718198548042,-0.033220234309379204,-0.0034406519959175874,,XAJ-Base
kge,test,IC-dPL,D_IC_minus_dPL,snow_stratum,S5,55,55,-0.011546551510746295,-0.018882133239633496,-0.005027440252223396,,XAJ-Base
kge,test,IC-dPL,A_IC_minus_dPL,full_sample,full_sample,515,515,0.04453069002234056,0.038767931247595144,0.049629550190120046,,XAJ-TGD
kge,test,IC-dPL,A_IC_minus_dPL,snow_stratum,S1,161,161,0.059893093283297505,0.047485422901824004,0.07846787574432268,,XAJ-TGD
kge,test,IC-dPL,A_IC_minus_dPL,snow_stratum,S2,155,155,0.047551746572063514,0.036383428837402754,0.05563265849167819,,XAJ-TGD
kge,test,IC-dPL,A_IC_minus_dPL,snow_stratum,S3,118,118,0.03808389353338437,0.03336897588102161,0.04565352812083456,,XAJ-TGD
kge,test,IC-dPL,A_IC_minus_dPL,snow_stratum,S4,32,32,0.026809048710283334,0.020481064363841575,0.09131839545770815,,XAJ-TGD
kge,test,IC-dPL,A_IC_minus_dPL,snow_stratum,S5,49,49,0.03591751796892684,0.023353216370303742,0.04453069002234056,,XAJ-TGD
kge,test,IC-dPL,B_IC_minus_dPL,full_sample,full_sample,515,515,0.0007025404243147237,-0.0034018798342927425,0.005769770288483707,,XAJ-TGD
kge,test,IC-dPL,B_IC_minus_dPL,snow_stratum,S1,161,161,-0.0039744059884836425,-0.019859301218001058,0.0054096915581922644,,XAJ-TGD
kge,test,IC-dPL,B_IC_minus_dPL,snow_stratum,S2,155,155,-0.0016755049324143068,-0.009931909863249322,0.012784775298057327,,XAJ-TGD
kge,test,IC-dPL,B_IC_minus_dPL,snow_stratum,S3,118,118,-0.0050051438625073885,-0.018857650304073548,0.00527574811281617,,XAJ-TGD
kge,test,IC-dPL,B_IC_minus_dPL,snow_stratum,S4,32,32,0.017385241169522614,0.003897033708097797,0.039132140662251846,,XAJ-TGD
kge,test,IC-dPL,B_IC_minus_dPL,snow_stratum,S5,49,49,0.011808120488275065,0.0051932820461726426,0.021545192568911742,,XAJ-TGD
kge,test,IC-dPL,D_IC_minus_dPL,full_sample,full_sample,515,515,-0.03846226913139006,-0.04970181056595119,-0.03314870689342497,,XAJ-TGD
kge,test,IC-dPL,D_IC_minus_dPL,snow_stratum,S1,161,161,-0.06103392133711416,-0.07537681955736608,-0.04878375159244808,,XAJ-TGD
kge,test,IC-dPL,D_IC_minus_dPL,snow_stratum,S2,155,155,-0.04038575061396821,-0.05676759129671893,-0.027346801546414334,,XAJ-TGD
kge,test,IC-dPL,D_IC_minus_dPL,snow_stratum,S3,118,118,-0.038211937612179,-0.058772997013644405,-0.031116007073946874,,XAJ-TGD
kge,test,IC-dPL,D_IC_minus_dPL,snow_stratum,S4,32,32,-0.01553835202056636,-0.043910172072040454,-0.004732685955524538,,XAJ-TGD
kge,test,IC-dPL,D_IC_minus_dPL,snow_stratum,S5,49,49,-0.01449175876321196,-0.018352869374753278,-0.0019039274238920045,,XAJ-TGD
kge,test,IC-dPL,A_IC_minus_dPL,full_sample,full_sample,531,531,0.03871798122098746,0.034166140502784104,0.04854394712257715,,XAJ-CN
kge,test,IC-dPL,A_IC_minus_dPL,snow_stratum,S1,165,165,0.06058910436725318,0.040818877329484304,0.07082506120056176,,XAJ-CN
kge,test,IC-dPL,A_IC_minus_dPL,snow_stratum,S2,156,156,0.03485379258675786,0.02883018039107678,0.04854394712257715,,XAJ-CN
kge,test,IC-dPL,A_IC_minus_dPL,snow_stratum,S3,121,121,0.025812495487559706,0.020865203783265618,0.030276118360006876,,XAJ-CN
kge,test,IC-dPL,A_IC_minus_dPL,snow_stratum,S4,34,34,0.03932796921995346,0.02587257062413672,0.10177536634516249,,XAJ-CN
kge,test,IC-dPL,A_IC_minus_dPL,snow_stratum,S5,55,55,0.07523014065933809,0.05870076860195872,0.09131028644121941,,XAJ-CN
kge,test,IC-dPL,B_IC_minus_dPL,full_sample,full_sample,531,531,0.007747122055127509,0.0024582488935692703,0.012593621462760385,,XAJ-CN
kge,test,IC-dPL,B_IC_minus_dPL,snow_stratum,S1,165,165,0.003783962951673381,-0.009241912201195523,0.013601738384989126,,XAJ-CN
kge,test,IC-dPL,B_IC_minus_dPL,snow_stratum,S2,156,156,0.0031413515750411958,-0.0042529473016168365,0.014678254057554407,,XAJ-CN
kge,test,IC-dPL,B_IC_minus_dPL,snow_stratum,S3,121,121,0.007747122055127509,0.0017417201458846954,0.013121720055442654,,XAJ-CN
kge,test,IC-dPL,B_IC_minus_dPL,snow_stratum,S4,34,34,0.01455909202024075,0.005231442182094426,0.03556781151695165,,XAJ-CN
kge,test,IC-dPL,B_IC_minus_dPL,snow_stratum,S5,55,55,0.02412908848821349,0.008015266116033981,0.04838818681331747,,XAJ-CN
kge,test,IC-dPL,D_IC_minus_dPL,full_sample,full_sample,531,531,-0.027824925576798165,-0.03680536914056398,-0.0233696431759165,,XAJ-CN
kge,test,IC-dPL,D_IC_minus_dPL,snow_stratum,S1,165,165,-0.05112443512952225,-0.0710046099849363,-0.036073451149703506,,XAJ-CN
kge,test,IC-dPL,D_IC_minus_dPL,snow_stratum,S2,156,156,-0.02542105770307468,-0.040896795010106846,-0.018982642516058256,,XAJ-CN
kge,test,IC-dPL,D_IC_minus_dPL,snow_stratum,S3,121,121,-0.017967813500415986,-0.026097694557836504,-0.010012345770915476,,XAJ-CN
kge,test,IC-dPL,D_IC_minus_dPL,snow_stratum,S4,34,34,-0.019586787544299322,-0.06892807411884994,-0.002450002152036279,,XAJ-CN
kge,test,IC-dPL,D_IC_minus_dPL,snow_stratum,S5,55,55,-0.038093101318513733,-0.05726019119910808,-0.011628100983336553,,XAJ-CN
