paradigm,contrast,parameter,symbol,snow_stratum,n_basins,median_shift,q25,q75,iqr,ci95_low,ci95_high,D_activity_S5_minus_S1,D_activity_ci_low,D_activity_ci_high
IC,Base-CN,xaj_k,k,S1,165,0,-0.024669294214081955,0.016486657883094516,0.041155952097176471,-0.0019765680928480744,0,,,
IC,Base-CN,xaj_k,k,S2,156,-0.007655619953949061,-0.042379737657136957,0.0045186275847938565,0.046898365241930813,-0.012999334285494131,-0.00070175840707643075,,,
IC,Base-CN,xaj_k,k,S3,121,-0.0083436368173328557,-0.039716547922232781,0,0.039716547922232781,-0.012811458169577072,-0.0050055950949969008,,,
IC,Base-CN,xaj_k,k,S4,34,-0.040813154357739093,-0.1446403732608828,0,0.1446403732608828,-0.12568598459727642,0,,,
IC,Base-CN,xaj_k,k,S5,55,0,-0.062766703549845621,0,0.062766703549845621,0,0,0,0,0.0020101093770289497
IC,Base-CN,xaj_b,b,S1,165,0,-0.041993583668654494,0.024672692270320595,0.066666275938975089,0,0,,,
IC,Base-CN,xaj_b,b,S2,156,0,-0.048775854013240361,0,0.048775854013240361,0,0,,,
IC,Base-CN,xaj_b,b,S3,121,0,-0.088533660795451649,0.36909474639727363,0.45762840719272529,-0.024095786859548399,0,,,
IC,Base-CN,xaj_b,b,S4,34,0.08348997390713056,-0.046076921835520326,0.61624436445525776,0.66232128629077813,0,0.25537940464368147,,,
IC,Base-CN,xaj_b,b,S5,55,-0.022771246595773315,-0.43969848561895214,0.039865334947784839,0.47956382056673696,-0.2429774383102449,0,-0.022771246595773315,-0.2429774383102449,0
IC,Base-CN,xaj_im,im,S1,165,0,0,0,0,0,0,,,
IC,Base-CN,xaj_im,im,S2,156,0,-0.00012712220503454831,0,0.00012712220503454831,0,0,,,
IC,Base-CN,xaj_im,im,S3,121,0,0,0,0,0,0,,,
IC,Base-CN,xaj_im,im,S4,34,0,-0.066333118494425983,0,0.066333118494425983,0,0,,,
IC,Base-CN,xaj_im,im,S5,55,-0.081505748456251914,-0.48220768649742718,0,0.48220768649742718,-0.2279815936114663,0,-0.081505748456251914,-0.2279815936114663,0
IC,Base-CN,xaj_um,um,S1,165,0,-0.0059790725972916903,0.019934920703541081,0.025913993300832772,0,0,,,
IC,Base-CN,xaj_um,um,S2,156,0,0,0.078600544422513602,0.078600544422513602,0,0,,,
IC,Base-CN,xaj_um,um,S3,121,0,0,0.024125141999225663,0.024125141999225663,0,0,,,
IC,Base-CN,xaj_um,um,S4,34,0,0,0.61106914342799323,0.61106914342799323,0,0.49089537556194451,,,
IC,Base-CN,xaj_um,um,S5,55,0.038135169823649506,0,0.85662037826165416,0.85662037826165416,0,0.52418996200092649,0.038135169823649506,0,0.52418996200092649
IC,Base-CN,xaj_lm,lm,S1,165,0,0,0.094315823396765724,0.094315823396765724,0,0,,,
IC,Base-CN,xaj_lm,lm,S2,156,0,-0.0091504894795167435,0.16423646732133734,0.17338695680085409,0,0,,,
IC,Base-CN,xaj_lm,lm,S3,121,0.182245453762024,0,0.5590592134449679,0.5590592134449679,0.06895023194703799,0.31656064880491941,,,
IC,Base-CN,xaj_lm,lm,S4,34,0.12405243770406665,0,0.39683173779450565,0.39683173779450565,0,0.2768008477360473,,,
IC,Base-CN,xaj_lm,lm,S5,55,0.0068728144991521134,0,0.60254875893496074,0.60254875893496074,0,0.38670364200594698,0.0068728144991521134,0,0.38670364200594698
IC,Base-CN,xaj_dm,dm,S1,165,0,-0.12256256402946132,0.035485196828476839,0.15804776085793815,0,0,,,
IC,Base-CN,xaj_dm,dm,S2,156,0,-0.085271444615949779,0.17425063018064646,0.25952207479659622,0,0,,,
IC,Base-CN,xaj_dm,dm,S3,121,0,-0.022176156575752792,0,0.022176156575752792,0,0,,,
IC,Base-CN,xaj_dm,dm,S4,34,0,-0.033270869833740647,0,0.033270869833740647,0,0,,,
IC,Base-CN,xaj_dm,dm,S5,55,-0.54061720753970899,-1,0,1,-0.95003526942158822,0,-0.54061720753970899,-0.93103936610006399,-0.10189853209476117
IC,Base-CN,xaj_c,c,S1,165,0,-0.15457741615053733,0.050308997723255144,0.20488641387379247,0,0,,,
IC,Base-CN,xaj_c,c,S2,156,0,-0.095153228156192454,0.17664851879968568,0.27180174695587811,0,0,,,
IC,Base-CN,xaj_c,c,S3,121,0,-0.27767172365342541,0.46402043107272073,0.74169215472614614,0,0,,,
IC,Base-CN,xaj_c,c,S4,34,0,-0.43633129399001597,0.11922925955544267,0.55556055354545864,-0.15067735302704438,0,,,
IC,Base-CN,xaj_c,c,S5,55,0,0,0.58663005839114069,0.58663005839114069,0,0.14462026833847896,0,0,0.14462026833847896
IC,Base-CN,xaj_sm,sm,S1,165,-2.3692949312925649e-05,-0.063575079496363984,0.021481013013420203,0.085056092509784187,-0.0051055656221355439,0,,,
IC,Base-CN,xaj_sm,sm,S2,156,0,-0.059296726271920314,0.048893675982029275,0.10819040225394959,-0.010902554520260205,0,,,
IC,Base-CN,xaj_sm,sm,S3,121,-0.032508956645491749,-0.17644167650712683,0.058295099863868383,0.23473677637099521,-0.067281972395247525,0,,,
IC,Base-CN,xaj_sm,sm,S4,34,0.15442315396669032,-0.027809130953246046,0.31232832310634778,0.34013745405959384,0,0.24655610691379226,,,
IC,Base-CN,xaj_sm,sm,S5,55,0.0087395198470475721,0,0.4238133573119629,0.4238133573119629,0,0.20289781212339408,0.0087632127963604978,0,0.15267184159310801
IC,Base-CN,xaj_ex,ex,S1,165,0,-0.052584551369991593,0.020298276272548085,0.072882827642539671,0,0,,,
IC,Base-CN,xaj_ex,ex,S2,156,0,-0.13978972817727833,0.11993020070626387,0.25971992888354223,0,0,,,
IC,Base-CN,xaj_ex,ex,S3,121,0,-0.18608397401620466,0.13360241453298782,0.31968638854919251,0,0,,,
IC,Base-CN,xaj_ex,ex,S4,34,0,-0.1426637229649684,0.051416061017641082,0.1940797839826095,-0.0098828070964265165,0.0058875699699783724,,,
IC,Base-CN,xaj_ex,ex,S5,55,-0.054870291193481358,-0.75157113157802136,0,0.75157113157802136,-0.21806053846441409,0,-0.054870291193481358,-0.22014402559936896,0
IC,Base-CN,xaj_ki,ki,S1,165,0,-0.098876783447182731,0.048475874345890069,0.1473526577930728,-0.00072447105290307512,0.0002428990308671608,,,
IC,Base-CN,xaj_ki,ki,S2,156,0,-0.14656016061517493,0.12265877430708302,0.26921893492225796,0,0.0014253259015750142,,,
IC,Base-CN,xaj_ki,ki,S3,121,-0.061082907978764478,-0.39834735459760878,0.078995972595417074,0.47734332719302586,-0.14547845623253289,0,,,
IC,Base-CN,xaj_ki,ki,S4,34,-0.3227952627481625,-0.66121095023684662,0,0.66121095023684662,-0.58620401106816633,0,,,
IC,Base-CN,xaj_ki,ki,S5,55,0,-0.47924040908642479,0,0.47924040908642479,-0.14581203664236073,0,0,-0.14424973581150963,0
IC,Base-CN,xaj_kg,kg,S1,165,0,-0.02644365059545813,0.058348846988841879,0.084792497584300006,0,0,,,
IC,Base-CN,xaj_kg,kg,S2,156,0,-0.17312801077412543,0.0094241762535830012,0.18255218702770842,0,0,,,
IC,Base-CN,xaj_kg,kg,S3,121,-0.019082012103615539,-0.2377210584903858,0,0.2377210584903858,-0.092940399270942317,0,,,
IC,Base-CN,xaj_kg,kg,S4,34,-0.088113789076647894,-0.44432762577381563,0,0.44432762577381563,-0.32783782292931596,-0.0061378793246888996,,,
IC,Base-CN,xaj_kg,kg,S5,55,-0.068673592162262515,-0.4444712871467672,0,0.4444712871467672,-0.17964945316942083,0,-0.068673592162262515,-0.17964945316942083,-0.011529436212439669
IC,Base-CN,xaj_ci,ci,S1,165,0,-0.080118023366469782,0.089684271378431435,0.16980229474490122,-0.00064710651509314321,0.012228289122896929,,,
IC,Base-CN,xaj_ci,ci,S2,156,0,-0.20683587160226818,0.1325583589401349,0.33939423054240309,-0.011752960979366968,0.0068925918783697693,,,
IC,Base-CN,xaj_ci,ci,S3,121,-0.084946677562050543,-0.32985696012848786,0.089234596486183815,0.41909155661467168,-0.18294611090979462,0,,,
IC,Base-CN,xaj_ci,ci,S4,34,-0.12169049408721787,-0.55271487504952499,0,0.55271487504952499,-0.36360647997237561,0,,,
IC,Base-CN,xaj_ci,ci,S5,55,-0.24022758018597412,-0.79984336910170284,0,0.79984336910170284,-0.46868074711240015,0,-0.24022758018597412,-0.46868074711240015,0
IC,Base-CN,xaj_cg,cg,S1,165,0.0044816093254074207,-0.072470874019171516,0.30268400700882331,0.37515488102799482,0,0.031962987173499546,,,
IC,Base-CN,xaj_cg,cg,S2,156,0,-0.20143972617064798,0.078890056281801804,0.28032978245244977,-0.017397135896356497,0,,,
IC,Base-CN,xaj_cg,cg,S3,121,0,-0.37918588512703033,0.035885610512316209,0.41507149563934653,-0.057487175307812055,0,,,
IC,Base-CN,xaj_cg,cg,S4,34,0.063337973918702883,-0.096578123589150244,0.39332415693002953,0.48990228051917978,-0.04388113087339994,0.19979007739674814,,,
IC,Base-CN,xaj_cg,cg,S5,55,0.20866915601045821,-0.076905472388291707,0.47669062936182238,0.55359610175011409,0.061641179276817892,0.33609337215583357,0.20418754668505079,0.081757524620712563,0.33228397470555182
IC,Base-CN,xaj_a,a,S1,165,0,0,0.0021728491200860844,0.0021728491200860844,0,0,,,
IC,Base-CN,xaj_a,a,S2,156,0,-0.034553854983175647,0,0.034553854983175647,0,0,,,
IC,Base-CN,xaj_a,a,S3,121,0,-0.061153177853113916,0.14148993202292381,0.20264310987603773,0,0,,,
IC,Base-CN,xaj_a,a,S4,34,0.0054681257546904116,0,0.12318137350500832,0.12318137350500832,0,0.05708528871742774,,,
IC,Base-CN,xaj_a,a,S5,55,0,-0.3155086442403543,0.41949520550515201,0.73500384974550625,0,0,0,0,0
IC,Base-CN,xaj_theta,theta,S1,165,0,0,0,0,0,0,,,
IC,Base-CN,xaj_theta,theta,S2,156,0,-0.017802219465277914,0,0.017802219465277914,0,0,,,
IC,Base-CN,xaj_theta,theta,S3,121,0,-0.072380678879371052,0,0.072380678879371052,0,0,,,
IC,Base-CN,xaj_theta,theta,S4,34,0,-0.065665424392182897,0,0.065665424392182897,-0.0029525486668138738,0,,,
IC,Base-CN,xaj_theta,theta,S5,55,0,-0.27370647343094623,0.44317229841153,0.71687877184247628,-0.021169459043114645,0,0,-0.021169459043114645,0
dPL,Base-CN,xaj_k,k,S1,165,0.0050763934850692749,-0.0046676695346832275,0.020363971590995789,0.025031641125679016,0.002404436469078064,0.0097214281558990479,,,
dPL,Base-CN,xaj_k,k,S2,156,0.0017224997282028198,-0.010020796209573746,0.015394691377878189,0.025415487587451935,-0.00037339329719543457,0.0051973164081573486,,,
dPL,Base-CN,xaj_k,k,S3,121,0.00078467727871611714,-0.007171175442636013,0.011542618274688721,0.018713793717324734,-0.0021788179874420166,0.0032345864456146955,,,
dPL,Base-CN,xaj_k,k,S4,34,-0.00021034851670265198,-0.055566173046827316,0.02234456897713244,0.077910742023959756,-0.015105948783457279,0.01113620400428772,,,
dPL,Base-CN,xaj_k,k,S5,55,-0.0023771151900291443,-0.034548618830740452,0.029791644541546702,0.064340263372287154,-0.014590893872082233,0.009408220648765564,-0.0074535086750984192,-0.020474771864246576,0.0049816775135695934
dPL,Base-CN,xaj_b,b,S1,165,0.0017024725461950788,-0.024031333323763115,0.045646130465882395,0.069677463789645511,-0.00088365933680334408,0.0076399444575065978,,,
dPL,Base-CN,xaj_b,b,S2,156,-0.0013984959047819764,-0.022640581889960869,0.098095114043259435,0.12073569593322031,-0.0043857809624470497,0.0058819367510719528,,,
dPL,Base-CN,xaj_b,b,S3,121,0.027786634513746647,-0.020165252246241789,0.36252498171800085,0.38269023396424262,0.0012249052370861269,0.070231265438465515,,,
dPL,Base-CN,xaj_b,b,S4,34,0.015536505534002577,-0.052144594651106928,0.18064577278311911,0.23279036743422604,-0.0042110486126147751,0.079090951880769311,,,
dPL,Base-CN,xaj_b,b,S5,55,0.009466379762117727,-0.0216972643580827,0.06773722831842488,0.089434492676507577,-0.0028128076457428911,0.035799920109699679,0.0077639072159226483,-0.0066388460672928877,0.038729535255739883
dPL,Base-CN,xaj_im,im,S1,165,-0.00012842682700561769,-0.0044357131135250305,0.0011087456227340533,0.0055444587362590836,-0.00050406800257684725,0,,,
dPL,Base-CN,xaj_im,im,S2,156,-0.00084748954125405513,-0.0094643244497116287,0,0.0094643244497116287,-0.0017572817465195912,-0.00042434268501875897,,,
dPL,Base-CN,xaj_im,im,S3,121,-0.0053418793044240909,-0.022597086582465398,-0.00046688006514004931,0.022130206517325349,-0.0084689669183851905,-0.0026185969492946684,,,
dPL,Base-CN,xaj_im,im,S4,34,-0.023711416299163415,-0.10920572868351056,-0.0034789054625395631,0.10572682322097099,-0.09401083976935852,-0.0079747907260970443,,,
dPL,Base-CN,xaj_im,im,S5,55,-0.020223931892903266,-0.066173644571945744,-0.00022413219430062289,0.065949512377645125,-0.041577065065693766,-0.0044823160313493364,-0.020095505065897648,-0.041637175539068157,-0.0061245185326554647
dPL,Base-CN,xaj_um,um,S1,165,0.0054120421409606934,-0.03751034289598465,0.10083860158920288,0.13834894448518753,-0.0013033239403739568,0.014456454431638122,,,
dPL,Base-CN,xaj_um,um,S2,156,0.0061911642551422119,-0.0034684538841247559,0.047728344798088074,0.05119679868221283,0.0034950673580169678,0.011462410539388653,,,
dPL,Base-CN,xaj_um,um,S3,121,0.0090579986572265625,6.4373016357421875e-05,0.10718828439712524,0.10712391138076782,0.0049058660864830022,0.014907777309417725,,,
dPL,Base-CN,xaj_um,um,S4,34,0.35200652480125427,0.015164813026785851,0.83635061979293823,0.82118580676615238,0.016532152891159058,0.61219338793307543,,,
dPL,Base-CN,xaj_um,um,S5,55,0.33270400762557983,0.013387620449066162,0.94820837490260601,0.93482075445353985,0.093610355630517006,0.84035034477710724,0.32729196548461914,0.089232627302408218,0.76879248991608617
dPL,Base-CN,xaj_lm,lm,S1,165,0.015631944639608264,-0.010899722576141357,0.056063055992126465,0.066962778568267822,0.007189631462097168,0.022863328456878662,,,
dPL,Base-CN,xaj_lm,lm,S2,156,0.047000125050544739,-0.010441608726978302,0.12269890308380127,0.13314051181077957,0.027270686626434327,0.0602447435259819,,,
dPL,Base-CN,xaj_lm,lm,S3,121,0.04687345027923584,-0.016314268112182617,0.14619559049606323,0.16250985860824585,0.021866700053215029,0.062176495790481567,,,
dPL,Base-CN,xaj_lm,lm,S4,34,0.071763962507247925,-0.00087949633598327637,0.28833891078829765,0.28921840712428093,0.0053477715700864792,0.20642688870429993,,,
dPL,Base-CN,xaj_lm,lm,S5,55,0.0264701247215271,-0.0074741952121257782,0.090811759233474731,0.09828595444560051,0.0046080350875854492,0.047133207321166992,0.010838180081918836,-0.016062879562377931,0.031402437388896941
dPL,Base-CN,xaj_dm,dm,S1,165,-0.0050548221915960312,-0.032655439339578152,0.0078370328992605209,0.040492472238838673,-0.0081341074779629693,-0.0016871001571416855,,,
dPL,Base-CN,xaj_dm,dm,S2,156,-0.0020597119582816958,-0.010026073112385347,0.00031865127493801992,0.010344724387323367,-0.0035973580437712372,-0.0011538118124008179,,,
dPL,Base-CN,xaj_dm,dm,S3,121,-0.0015101498574949801,-0.0094823258696123958,0.00030382283148355782,0.0097861487010959536,-0.0032907604472711682,-0.00089733193890424582,,,
dPL,Base-CN,xaj_dm,dm,S4,34,-0.0088724168599583209,-0.046563099933337071,-0.00022167449060361832,0.046341425442733453,-0.016895901644602418,-0.0046300842077471316,,,
dPL,Base-CN,xaj_dm,dm,S5,55,-0.013053839647909626,-0.08364062022883445,-0.00080568346311338246,0.082834936765721068,-0.024948736098667719,-0.0033796587958931923,-0.0079990174563135952,-0.021577847277512774,0.001730468991445375
dPL,Base-CN,xaj_c,c,S1,165,0.0011640191078186035,-0.0068756937980651855,0.045964241027832031,0.052839934825897217,-0.00016245543956756585,0.0051940083503723145,,,
dPL,Base-CN,xaj_c,c,S2,156,0.0088666379451751709,0.000650063157081604,0.066178858280181885,0.065528795123100281,0.0056138291954994203,0.015545234084129333,,,
dPL,Base-CN,xaj_c,c,S3,121,0.037068605422973633,0.0041988492012023926,0.18872404098510742,0.18452519178390503,0.021096989512443542,0.058025360107421875,,,
dPL,Base-CN,xaj_c,c,S4,34,0.180524080991745,0.0053798407316207886,0.58268072456121445,0.57730088382959366,0.059269091486930846,0.39142391085624695,,,
dPL,Base-CN,xaj_c,c,S5,55,0.014497935771942139,-0.0024158954620361328,0.38306033611297607,0.38547623157501221,0.0027630864642560482,0.059897124767303467,0.013333916664123535,0.0012241990421898667,0.058758924901485446
dPL,Base-CN,xaj_sm,sm,S1,165,0.00030577182769775391,-0.025134772062301636,0.025225698947906494,0.05036047101020813,-0.0031213857699185607,0.0046917638275772253,,,
dPL,Base-CN,xaj_sm,sm,S2,156,-0.0076992237009108067,-0.082173774018883705,0.02678273431956768,0.10895650833845139,-0.025811161973979323,0.001008741557598114,,,
dPL,Base-CN,xaj_sm,sm,S3,121,-0.012494620401412249,-0.079493850469589233,0.098792523145675659,0.17828637361526489,-0.029091319721192117,0.0023518204689025879,,,
dPL,Base-CN,xaj_sm,sm,S4,34,0.13559612631797791,-0.00064736232161521912,0.41222120821475983,0.41286857053637505,0.033161282539367676,0.25328695774078369,,,
dPL,Base-CN,xaj_sm,sm,S5,55,0.11780345439910889,-0.027060322463512421,0.27870625257492065,0.30576657503843307,0.039485782384872437,0.1780144089832901,0.11749768257141113,0.038607489317655563,0.180331689043669
dPL,Base-CN,xaj_ex,ex,S1,165,-0.0027887951232722537,-0.088477372012924271,0.084256029561870616,0.17273340157479489,-0.02293127392514727,0.010226527100625448,,,
dPL,Base-CN,xaj_ex,ex,S2,156,-0.01131513328062695,-0.12237865137970884,0.096700363510371964,0.2190790148900808,-0.030621384198380064,0.01715756242053992,,,
dPL,Base-CN,xaj_ex,ex,S3,121,-0.017639107613497167,-0.16153089668964615,0.086312710155779238,0.24784360684542539,-0.045831739327383825,-0.0019673108807700679,,,
dPL,Base-CN,xaj_ex,ex,S4,34,-0.040225688710965227,-0.090950614395432755,-0.007329226212167016,0.083621388183265741,-0.087000295196460076,-0.016726358318942914,,,
dPL,Base-CN,xaj_ex,ex,S5,55,-0.022670728633975856,-0.064956359597812194,0.012480928871627807,0.077437288469440008,-0.036967808848160699,-0.0099657156374655612,-0.019881933510703602,-0.037747943882268035,0.00078457599718164252
dPL,Base-CN,xaj_ki,ki,S1,165,-0.012113690169986757,-0.11456998987589578,0.04420683085140447,0.15877682072730026,-0.035911481332343911,0.0059352646502381177,,,
dPL,Base-CN,xaj_ki,ki,S2,156,-0.098267113979082207,-0.3604134278461178,0.034697073852214225,0.39511050169833201,-0.15382116025990822,-0.051331661698747366,,,
dPL,Base-CN,xaj_ki,ki,S3,121,-0.20178070320775326,-0.50843798993420597,-0.0348313370375746,0.4736066528966314,-0.3159244006714752,-0.12649291538352769,,,
dPL,Base-CN,xaj_ki,ki,S4,34,-0.26250436673646449,-0.40204816392344611,-0.039178680301480195,0.36286948362196592,-0.38002377101312751,-0.10922324640963915,,,
dPL,Base-CN,xaj_ki,ki,S5,55,-0.26522181646017551,-0.41824868122828102,-0.017060397833621524,0.40118828339465951,-0.34499608137784538,-0.15425087486866629,-0.25310812629018875,-0.33246395627098069,-0.1241312246308517
dPL,Base-CN,xaj_kg,kg,S1,165,-0.0075750163397615908,-0.08131604503195547,0.00885260835115214,0.090168653383107616,-0.017219662373071695,-0.0013223048423609966,,,
dPL,Base-CN,xaj_kg,kg,S2,156,-0.058804958057319126,-0.20298139964075768,0.0077787740577566974,0.21076017369851438,-0.084544575264716551,-0.026645863906258102,,,
dPL,Base-CN,xaj_kg,kg,S3,121,-0.13175250272342129,-0.41291380762083085,0.021521370491447256,0.43443517811227811,-0.17169584716709216,-0.077205083042616099,,,
dPL,Base-CN,xaj_kg,kg,S4,34,-0.042818403073619032,-0.1076055933091369,0.0070267793457119898,0.11463237265484888,-0.07750980703409556,0.0019767284056675938,,,
dPL,Base-CN,xaj_kg,kg,S5,55,0.0018186354699963247,-0.053281164752054827,0.021789133177669836,0.075070297929724666,-0.015119176100506497,0.014141424783891014,0.0093936518097579164,-0.010666429232765652,0.024650796758236889
dPL,Base-CN,xaj_ci,ci,S1,165,-0.023406206941440244,-0.1211709050027289,0.029152571382719317,0.15032347638544821,-0.036390542019988703,-0.010557949263309108,,,
dPL,Base-CN,xaj_ci,ci,S2,156,-0.011266480832855391,-0.093560752774324546,0.080145297311536468,0.17370605008586101,-0.035337724345585367,0.026494611842907485,,,
dPL,Base-CN,xaj_ci,ci,S3,121,-0.11859410687038341,-0.37003870818247486,0.00063753126362875445,0.37067623944610362,-0.20100655619286006,-0.076234409428718064,,,
dPL,Base-CN,xaj_ci,ci,S4,34,-0.21962432726557166,-0.82081134864359784,-0.0093950626745472332,0.81141628596905058,-0.70830406234849619,-0.05211791258075732,,,
dPL,Base-CN,xaj_ci,ci,S5,55,-0.19838338564810776,-0.86644856664757364,-0.059158204418865656,0.80729036222870798,-0.6556908016551648,-0.09234738105277529,-0.17497717870666751,-0.63620829163436599,-0.062174475781136766
dPL,Base-CN,xaj_cg,cg,S1,165,-0.016669277350729317,-0.15144083534259778,0.021888380500882931,0.17332921584348071,-0.046074937838298524,-0.0063339486918323473,,,
dPL,Base-CN,xaj_cg,cg,S2,156,-0.15048779782361077,-0.32112404164647229,-0.02802922499876459,0.2930948166477077,-0.193740974690465,-0.12330850918495173,,,
dPL,Base-CN,xaj_cg,cg,S3,121,-0.13123473673694266,-0.36321910934901791,-0.0019625430017811141,0.3612565663472368,-0.22384041669138993,-0.076265070143950467,,,
dPL,Base-CN,xaj_cg,cg,S4,34,-0.035015624914316312,-0.15074824410634236,0.047736730631999791,0.19848497473834215,-0.13654932655079222,0.015922231484288476,,,
dPL,Base-CN,xaj_cg,cg,S5,55,-0.095961832037403383,-0.16490314362123115,-0.0025315886811227983,0.16237155494010835,-0.11948510872962004,-0.031481929178696078,-0.079292554686674066,-0.1082151521957222,-0.010398177301448633
dPL,Base-CN,xaj_a,a,S1,165,-0.0014419258115020428,-0.045367182793031313,0.032222748862389738,0.077589931655421052,-0.0069698693660167343,0.0023348332219232937,,,
dPL,Base-CN,xaj_a,a,S2,156,0.0011378527061808863,-0.049278648328078933,0.050640547450757689,0.099919195778836623,-0.0147617642965568,0.016222687599089642,,,
dPL,Base-CN,xaj_a,a,S3,121,0.0027838350257818889,-0.042910756091767532,0.065129669662333106,0.10804042575410064,-0.014275163881537444,0.017493844607578302,,,
dPL,Base-CN,xaj_a,a,S4,34,-0.0060906859255062396,-0.1005169484292045,0.10627687326881377,0.20679382169801827,-0.053909780367811189,0.094696891069207048,,,
dPL,Base-CN,xaj_a,a,S5,55,-0.013416529142989075,-0.14743933566485867,0.015724123041354288,0.16316345870621296,-0.059034491036579165,0.0032444597357539351,-0.011974603331487033,-0.075177074647069256,0.006801741048853626
dPL,Base-CN,xaj_theta,theta,S1,165,-9.8611228168010712e-05,-0.0021660071797668934,0.0039145068731158972,0.0060805140528827906,-0.0005853891052538529,0.00042708648834377527,,,
dPL,Base-CN,xaj_theta,theta,S2,156,0.00095899775624275208,-0.00134008661552798,0.0052864266326650977,0.0066265132481930777,0.00036079529672861099,0.0017246579067432316,,,
dPL,Base-CN,xaj_theta,theta,S3,121,0.0039783238898962736,-0.0007977411150932312,0.015863742679357529,0.01666148379445076,0.0022018402814865112,0.0061515311244875193,,,
dPL,Base-CN,xaj_theta,theta,S4,34,0.00046630160068161786,-0.0040088170499075204,0.3914118018001318,0.39542061885003932,-0.00022727047326043248,0.019265019334852695,,,
dPL,Base-CN,xaj_theta,theta,S5,55,0.00031591710285283625,-0.0071889716200530529,0.011756731080822647,0.0189457027008757,-0.0010686094174161553,0.0023715210845693946,0.00041452833102084696,-0.0011115472298115492,0.0021759596642368698
