paradigm,contrast,stratum,n_basins,metric,median,ci_lower,ci_upper
IC,Base-CN,Full531,531,within_a,0.46756002088773058,0.46178300294126662,0.47323150793810254
IC,Base-CN,Full531,531,within_b,0.48212049098105669,0.47773092323412469,0.48721692860301363
IC,Base-CN,Full531,531,within_pooled,0.47535171519349517,0.46955836406571527,0.47866882319509013
IC,Base-CN,Full531,531,between_all,0.49132779027375456,0.48498196509243541,0.49573500477924842
IC,Base-CN,Full531,531,excess,0.007462556745992055,0.0051615926571878523,0.010333670546830234
IC,Base-CN,Full531,531,prop_between_gt_within,0.63088512241054617,0.58945386064030136,0.66854990583804141
IC,Base-CN,Full531,531,prop_excess_gt_0,0.63088512241054617,0.59223163841807902,0.67142184557438789
IC,Base-CN,ExcludeS5,476,within_a,0.46792180180928455,0.46223970097356093,0.47463600654134924
IC,Base-CN,ExcludeS5,476,within_b,0.48119745884633802,0.47641699700317325,0.48673280337452923
IC,Base-CN,ExcludeS5,476,within_pooled,0.47598440079797266,0.47058510283343347,0.48136030013628001
IC,Base-CN,ExcludeS5,476,between_all,0.48499574573801768,0.48100674956628631,0.49082925577808328
IC,Base-CN,ExcludeS5,476,excess,0.0049968314216815579,0.0029568457668306112,0.0070420885883319372
IC,Base-CN,ExcludeS5,476,prop_between_gt_within,0.59033613445378152,0.5472163865546219,0.63555672268907559
IC,Base-CN,ExcludeS5,476,prop_excess_gt_0,0.59033613445378152,0.54201680672268904,0.63555672268907559
IC,Base-CN,S1,165,within_a,0.47593417476987226,0.46731305540445106,0.48655030277134032
IC,Base-CN,S1,165,within_b,0.46972603942834762,0.45789585099401447,0.47835881005415321
IC,Base-CN,S1,165,within_pooled,0.4728824711866596,0.46576754953489824,0.4818327125534777
IC,Base-CN,S1,165,between_all,0.47046164807870094,0.46226621803773371,0.48207624396260429
IC,Base-CN,S1,165,excess,-0.0018112891613693005,-0.0040542758420394785,0.0015159447602661844
IC,Base-CN,S1,165,prop_between_gt_within,0.46666666666666667,0.38787878787878788,0.54545454545454541
IC,Base-CN,S1,165,prop_excess_gt_0,0.46666666666666667,0.39393939393939392,0.54257575757575738
IC,Base-CN,S2,156,within_a,0.47825854927448919,0.46731029175701255,0.49477917513017367
IC,Base-CN,S2,156,within_b,0.48865225632708265,0.47956302975798698,0.49750646860459835
IC,Base-CN,S2,156,within_pooled,0.48463075508612641,0.4770818158983739,0.49500222502291508
IC,Base-CN,S2,156,between_all,0.4875017025899217,0.4781426704333695,0.494874649373574
IC,Base-CN,S2,156,excess,0.0021614589377403626,-0.0036381332416289824,0.0043181320565383041
IC,Base-CN,S2,156,prop_between_gt_within,0.52564102564102566,0.44230769230769229,0.60256410256410253
IC,Base-CN,S2,156,prop_excess_gt_0,0.52564102564102566,0.45512820512820512,0.60256410256410253
IC,Base-CN,S3,121,within_a,0.45511215165003543,0.45192322433021853,0.46798822263299344
IC,Base-CN,S3,121,within_b,0.49460233142580462,0.48113401438939468,0.50336845379707862
IC,Base-CN,S3,121,within_pooled,0.47548009159619353,0.46461006341318511,0.48301965227433524
IC,Base-CN,S3,121,between_all,0.49433024621281418,0.48527135864966353,0.50277520702565259
IC,Base-CN,S3,121,excess,0.012313983705670828,0.0082755017920816965,0.018816070338018437
IC,Base-CN,S3,121,prop_between_gt_within,0.74380165289256195,0.66115702479338845,0.81818181818181823
IC,Base-CN,S3,121,prop_excess_gt_0,0.74380165289256195,0.66942148760330578,0.80991735537190079
IC,Base-CN,S4,34,within_a,0.44501745713643048,0.40265071115553652,0.46228081289655681
IC,Base-CN,S4,34,within_b,0.47544305468898163,0.46543316768205339,0.48628787837974097
IC,Base-CN,S4,34,within_pooled,0.46168558778381058,0.42971213502733274,0.47626532586296938
IC,Base-CN,S4,34,between_all,0.50866354044474893,0.48587742438142228,0.5332109023451348
IC,Base-CN,S4,34,excess,0.042986916305741446,0.032368993296291504,0.06583208085083897
IC,Base-CN,S4,34,prop_between_gt_within,0.94117647058823528,0.8529411764705882,1
IC,Base-CN,S4,34,prop_excess_gt_0,0.94117647058823528,0.83750000000000002,1
IC,Base-CN,S5,55,within_a,0.45466136158833986,0.42917874569761655,0.47970586832316092
IC,Base-CN,S5,55,within_b,0.48846546121032869,0.47390030797007371,0.50863131774949888
IC,Base-CN,S5,55,within_pooled,0.45201837646673287,0.43685626544076644,0.47828062329580184
IC,Base-CN,S5,55,between_all,0.56049472430965974,0.54383778660132776,0.57547922839234
IC,Base-CN,S5,55,excess,0.082933505321378442,0.070167777811544665,0.11039100055630602
IC,Base-CN,S5,55,prop_between_gt_within,0.98181818181818181,0.94545454545454544,1
IC,Base-CN,S5,55,prop_excess_gt_0,0.98181818181818181,0.94545454545454544,1
IC,Base-TGD,Full531,531,within_a,0.46756002088773058,0.46177410689964443,0.47334351219145127
IC,Base-TGD,Full531,531,within_b,0.484652902398094,0.48144646389698176,0.49044513958609492
IC,Base-TGD,Full531,531,within_pooled,0.4742079359512964,0.47055371350165415,0.47924573552853511
IC,Base-TGD,Full531,531,between_all,0.49123278298440809,0.48603916744296655,0.49730274030912092
IC,Base-TGD,Full531,531,excess,0.0073978796629134425,0.0051118876660138923,0.0097952953702120094
IC,Base-TGD,Full531,531,prop_between_gt_within,0.63653483992467041,0.59322033898305082,0.67518832391713746
IC,Base-TGD,Full531,531,prop_excess_gt_0,0.63653483992467041,0.59599811676082859,0.67608286252354044
IC,Base-TGD,ExcludeS5,476,within_a,0.46792180180928455,0.46229599410567707,0.47578496797590869
IC,Base-TGD,ExcludeS5,476,within_b,0.48870168728279478,0.48332859844417997,0.49277557476199746
IC,Base-TGD,ExcludeS5,476,within_pooled,0.47701252786908599,0.47314642157195452,0.48374581491701463
IC,Base-TGD,ExcludeS5,476,between_all,0.487598852252979,0.48172421462646531,0.49341166678992232
IC,Base-TGD,ExcludeS5,476,excess,0.0048156126362688123,0.0028197160818198919,0.0070272308397762995
IC,Base-TGD,ExcludeS5,476,prop_between_gt_within,0.60084033613445376,0.55982142857142858,0.63975840336134449
IC,Base-TGD,ExcludeS5,476,prop_excess_gt_0,0.60084033613445376,0.55772058823529413,0.64495798319327735
IC,Base-TGD,S1,165,within_a,0.47593417476987226,0.46731305540445106,0.48602848394227499
IC,Base-TGD,S1,165,within_b,0.4868012373644186,0.46872704545829585,0.4975082310709365
IC,Base-TGD,S1,165,within_pooled,0.47742362004806038,0.47168017930031558,0.49079561565786295
IC,Base-TGD,S1,165,between_all,0.48104324733051157,0.47368007891267888,0.49159280621515533
IC,Base-TGD,S1,165,excess,0.00059356457931947215,-0.0026179369383810824,0.0035260289940183265
IC,Base-TGD,S1,165,prop_between_gt_within,0.51515151515151514,0.43636363636363634,0.59106060606060595
IC,Base-TGD,S1,165,prop_excess_gt_0,0.51515151515151514,0.44848484848484849,0.58787878787878789
IC,Base-TGD,S2,156,within_a,0.47825854927448919,0.46671444017700908,0.4944239042262612
IC,Base-TGD,S2,156,within_b,0.49147703300012735,0.48307333715120615,0.49730993717812089
IC,Base-TGD,S2,156,within_pooled,0.48704548483098853,0.47476239943450382,0.495709637301045
IC,Base-TGD,S2,156,between_all,0.4877303965467612,0.48116228880509632,0.49394538168291119
IC,Base-TGD,S2,156,excess,0.0021666572240870985,-6.7673047098204542e-05,0.0057733196844619861
IC,Base-TGD,S2,156,prop_between_gt_within,0.57051282051282048,0.49358974358974361,0.65384615384615385
IC,Base-TGD,S2,156,prop_excess_gt_0,0.57051282051282048,0.49358974358974361,0.63461538461538458
IC,Base-TGD,S3,121,within_a,0.45511215165003543,0.45112475088479165,0.46798822263299344
IC,Base-TGD,S3,121,within_b,0.48789399412401824,0.48259098666794309,0.49355930656487529
IC,Base-TGD,S3,121,within_pooled,0.47243553347844625,0.46607958835866919,0.48511720350980703
IC,Base-TGD,S3,121,between_all,0.49370034755574371,0.48160293287777378,0.5012173023482096
IC,Base-TGD,S3,121,excess,0.013347259319973936,0.0079799298701363486,0.016111302445869204
IC,Base-TGD,S3,121,prop_between_gt_within,0.71074380165289253,0.63636363636363635,0.79338842975206614
IC,Base-TGD,S3,121,prop_excess_gt_0,0.71074380165289253,0.62809917355371903,0.78512396694214881
IC,Base-TGD,S4,34,within_a,0.44501745713643048,0.40265071115553652,0.46226403366542396
IC,Base-TGD,S4,34,within_b,0.48334300623369059,0.46088100491676831,0.50745957383980622
IC,Base-TGD,S4,34,within_pooled,0.45955120342289596,0.42688418704025427,0.48336890525062909
IC,Base-TGD,S4,34,between_all,0.50725721895290288,0.4677121523484567,0.54733281529452227
IC,Base-TGD,S4,34,excess,0.030809067333021467,0.010641228584821864,0.046977162105238279
IC,Base-TGD,S4,34,prop_between_gt_within,0.76470588235294112,0.61764705882352944,0.91176470588235292
IC,Base-TGD,S4,34,prop_excess_gt_0,0.76470588235294112,0.60220588235294126,0.91176470588235292
IC,Base-TGD,S5,55,within_a,0.45466136158833986,0.42948678990626832,0.47674512178142525
IC,Base-TGD,S5,55,within_b,0.43695557163353504,0.41541168459384575,0.45992020538434319
IC,Base-TGD,S5,55,within_pooled,0.4288296177753726,0.41236754184937163,0.45807698890844928
IC,Base-TGD,S5,55,between_all,0.52213043446927787,0.50663148375870071,0.57191163020508662
IC,Base-TGD,S5,55,excess,0.093662037290891842,0.07427986406182524,0.11532364676951767
IC,Base-TGD,S5,55,prop_between_gt_within,0.94545454545454544,0.87272727272727268,1
IC,Base-TGD,S5,55,prop_excess_gt_0,0.94545454545454544,0.89090909090909087,1
IC,TGD-CN,Full531,531,within_a,0.484652902398094,0.48089711526147261,0.49045350020968947
IC,TGD-CN,Full531,531,within_b,0.48212049098105669,0.47773092323412469,0.48706243758857692
IC,TGD-CN,Full531,531,within_pooled,0.48245966229076021,0.47806251094241115,0.48698428388708986
IC,TGD-CN,Full531,531,between_all,0.49626783117193751,0.49289497058246934,0.49984980066301549
IC,TGD-CN,Full531,531,excess,0.0074113065264656552,0.0045868425802539914,0.0094856433648807543
IC,TGD-CN,Full531,531,prop_between_gt_within,0.63465160075329563,0.59510357815442561,0.67419962335216577
IC,TGD-CN,Full531,531,prop_excess_gt_0,0.63465160075329563,0.59599811676082859,0.67707156308851213
IC,TGD-CN,ExcludeS5,476,within_a,0.48870168728279478,0.48307333715120615,0.49292378089482519
IC,TGD-CN,ExcludeS5,476,within_b,0.48119745884633802,0.47619694425369397,0.48685807720645952
IC,TGD-CN,ExcludeS5,476,within_pooled,0.48564285053118433,0.48034952706733636,0.48903441092530825
IC,TGD-CN,ExcludeS5,476,between_all,0.49350753314165974,0.48953075391850875,0.49710628608532603
IC,TGD-CN,ExcludeS5,476,excess,0.0043478361820142863,0.0025771392075754169,0.007042695922980141
IC,TGD-CN,ExcludeS5,476,prop_between_gt_within,0.60084033613445376,0.55772058823529413,0.64396008403361349
IC,TGD-CN,ExcludeS5,476,prop_excess_gt_0,0.60084033613445376,0.55462184873949583,0.64495798319327735
IC,TGD-CN,S1,165,within_a,0.4868012373644186,0.47005175246091252,0.4975082310709365
IC,TGD-CN,S1,165,within_b,0.46972603942834762,0.46307937023017554,0.47892689812941713
IC,TGD-CN,S1,165,within_pooled,0.4753898217060874,0.46443964538356003,0.48617966145185132
IC,TGD-CN,S1,165,between_all,0.47776224920366472,0.46900075793928542,0.49111202100329954
IC,TGD-CN,S1,165,excess,8.9680625718291385e-05,-0.0015743988959591171,0.0031675311792404015
IC,TGD-CN,S1,165,prop_between_gt_within,0.50909090909090904,0.43636363636363634,0.58181818181818179
IC,TGD-CN,S1,165,prop_excess_gt_0,0.50909090909090904,0.4303030303030303,0.58181818181818179
IC,TGD-CN,S2,156,within_a,0.49147703300012735,0.48307333715120615,0.49768637961471124
IC,TGD-CN,S2,156,within_b,0.48865225632708265,0.47962247561888038,0.49599444417653049
IC,TGD-CN,S2,156,within_pooled,0.48721835014679515,0.48150933385445627,0.49292185720750126
IC,TGD-CN,S2,156,between_all,0.49120054666959712,0.48274660754898668,0.49826790801129855
IC,TGD-CN,S2,156,excess,0.0020475525819609874,-0.0004638979695194001,0.0044003083993274655
IC,TGD-CN,S2,156,prop_between_gt_within,0.5641025641025641,0.48076923076923078,0.63461538461538458
IC,TGD-CN,S2,156,prop_excess_gt_0,0.5641025641025641,0.49022435897435901,0.64102564102564108
IC,TGD-CN,S3,121,within_a,0.48789399412401824,0.4823968708991303,0.49320637429548425
IC,TGD-CN,S3,121,within_b,0.49460233142580462,0.48113401438939468,0.50423306089045761
IC,TGD-CN,S3,121,within_pooled,0.49245978084515984,0.48528749347999378,0.49876101537540635
IC,TGD-CN,S3,121,between_all,0.5025263288853471,0.49518344843051698,0.50737815617834015
IC,TGD-CN,S3,121,excess,0.0099890252246516154,0.0076570025502286088,0.014715051309745819
IC,TGD-CN,S3,121,prop_between_gt_within,0.7024793388429752,0.6198347107438017,0.77685950413223137
IC,TGD-CN,S3,121,prop_excess_gt_0,0.7024793388429752,0.6198347107438017,0.77685950413223137
IC,TGD-CN,S4,34,within_a,0.48334300623369059,0.46169895300903541,0.50388683497113984
IC,TGD-CN,S4,34,within_b,0.47544305468898163,0.46559307669747513,0.48616440747166478
IC,TGD-CN,S4,34,within_pooled,0.47531911534622023,0.45262794659292538,0.50046270036842422
IC,TGD-CN,S4,34,between_all,0.50319486695789117,0.49139235637935147,0.5303959250250152
IC,TGD-CN,S4,34,excess,0.034548187798218555,0.020375892965740217,0.053261531030774835
IC,TGD-CN,S4,34,prop_between_gt_within,0.8529411764705882,0.73529411764705888,0.9566176470588228
IC,TGD-CN,S4,34,prop_excess_gt_0,0.8529411764705882,0.73529411764705888,0.97058823529411764
IC,TGD-CN,S5,55,within_a,0.43695557163353504,0.41297881955381094,0.45992020538434319
IC,TGD-CN,S5,55,within_b,0.48846546121032869,0.47390030797007371,0.50863131774949888
IC,TGD-CN,S5,55,within_pooled,0.45996114485436834,0.44697315704415952,0.47425507417558033
IC,TGD-CN,S5,55,between_all,0.53548222772265941,0.52583658081963802,0.55096007003482805
IC,TGD-CN,S5,55,excess,0.074900617933504776,0.054076203339678941,0.091885950890511825
IC,TGD-CN,S5,55,prop_between_gt_within,0.92727272727272725,0.8545454545454545,0.98181818181818181
IC,TGD-CN,S5,55,prop_excess_gt_0,0.92727272727272725,0.8545454545454545,0.98181818181818181
dPL,Base-CN,Full531,531,within_a,0.099930944587224554,0.093450799687210151,0.10518542808480795
dPL,Base-CN,Full531,531,within_b,0.10072321300358306,0.096835750877811919,0.10732276262391953
dPL,Base-CN,Full531,531,within_pooled,0.10560703399812152,0.10255061596677281,0.11121087217147456
dPL,Base-CN,Full531,531,between_all,0.18171614380967605,0.1678452231744135,0.19841641529350557
dPL,Base-CN,Full531,531,excess,0.06105662991153224,0.050429106453907448,0.081166531162102595
dPL,Base-CN,Full531,531,prop_between_gt_within,0.83804143126177022,0.80503766478342742,0.86817325800376643
dPL,Base-CN,Full531,531,prop_excess_gt_0,0.83804143126177022,0.80790960451977401,0.86629001883239176
dPL,Base-CN,ExcludeS5,476,within_a,0.097142027792597688,0.092409147301639974,0.10358690598440753
dPL,Base-CN,ExcludeS5,476,within_b,0.099068357659746281,0.094783836938530652,0.10451409668919619
dPL,Base-CN,ExcludeS5,476,within_pooled,0.10459142879410649,0.10105283929675017,0.10949466896115975
dPL,Base-CN,ExcludeS5,476,between_all,0.17457698017073617,0.16420541032410879,0.18942562321525896
dPL,Base-CN,ExcludeS5,476,excess,0.055309909330521857,0.04714179864167662,0.075679408993191213
dPL,Base-CN,ExcludeS5,476,prop_between_gt_within,0.83403361344537819,0.80042016806722693,0.86664915966386558
dPL,Base-CN,ExcludeS5,476,prop_excess_gt_0,0.83403361344537819,0.80042016806722693,0.86764705882352944
dPL,Base-CN,S1,165,within_a,0.1035299100526173,0.092176642524213689,0.11058795176220078
dPL,Base-CN,S1,165,within_b,0.1001536940878608,0.093656548616172342,0.10875573928974706
dPL,Base-CN,S1,165,within_pooled,0.10519306744080191,0.098688753917448996,0.11726218179123003
dPL,Base-CN,S1,165,between_all,0.13223309958029966,0.12436014964740995,0.15097381130656379
dPL,Base-CN,S1,165,excess,0.018614034456662154,0.007092124790726545,0.025960506394481928
dPL,Base-CN,S1,165,prop_between_gt_within,0.70303030303030301,0.63636363636363635,0.76363636363636367
dPL,Base-CN,S1,165,prop_excess_gt_0,0.70303030303030301,0.63030303030303025,0.76969696969696966
dPL,Base-CN,S2,156,within_a,0.091444678287659384,0.084450871005459893,0.10161990272489921
dPL,Base-CN,S2,156,within_b,0.095714503531367734,0.088071028998240763,0.10499945840589769
dPL,Base-CN,S2,156,within_pooled,0.097710590975010808,0.092524246142815167,0.10349660023890545
dPL,Base-CN,S2,156,between_all,0.16526149732238976,0.14705244966263589,0.18525791662156044
dPL,Base-CN,S2,156,excess,0.055701699831684805,0.046090340129006133,0.081526073994784704
dPL,Base-CN,S2,156,prop_between_gt_within,0.87179487179487181,0.8141025641025641,0.91666666666666663
dPL,Base-CN,S2,156,prop_excess_gt_0,0.87179487179487181,0.8141025641025641,0.92307692307692313
dPL,Base-CN,S3,121,within_a,0.096638778729663866,0.08990945924830418,0.10541366731132795
dPL,Base-CN,S3,121,within_b,0.098200916896641802,0.087974622746442799,0.10769483049250686
dPL,Base-CN,S3,121,within_pooled,0.10555644982363763,0.099567302893258963,0.11218385429335551
dPL,Base-CN,S3,121,between_all,0.23333924444547274,0.19684360215030577,0.28246647097619426
dPL,Base-CN,S3,121,excess,0.12667214869502766,0.096544312611609021,0.1672054484153597
dPL,Base-CN,S3,121,prop_between_gt_within,0.92561983471074383,0.87603305785123964,0.97128099173553695
dPL,Base-CN,S3,121,prop_excess_gt_0,0.92561983471074383,0.88429752066115708,0.97520661157024791
dPL,Base-CN,S4,34,within_a,0.12441879525611693,0.097148315919836123,0.15729392746364987
dPL,Base-CN,S4,34,within_b,0.12894244546714836,0.097254035973852793,0.16313005135626366
dPL,Base-CN,S4,34,within_pooled,0.13852933515807436,0.11552361413579457,0.171162178043301
dPL,Base-CN,S4,34,between_all,0.34584479972375559,0.28396398417111324,0.41682566674052024
dPL,Base-CN,S4,34,excess,0.13217237163706033,0.095918128645524639,0.26878155548829663
dPL,Base-CN,S4,34,prop_between_gt_within,0.97058823529411764,0.91176470588235292,1
dPL,Base-CN,S4,34,prop_excess_gt_0,0.97058823529411764,0.91176470588235292,1
dPL,Base-CN,S5,55,within_a,0.10672202836160073,0.08488642106487429,0.12316428888007912
dPL,Base-CN,S5,55,within_b,0.11748313559233163,0.10575506999806934,0.14550869353794885
dPL,Base-CN,S5,55,within_pooled,0.11941344210402753,0.10694759882698728,0.14851395159568972
dPL,Base-CN,S5,55,between_all,0.30661356309640764,0.22294351198204582,0.3876813327895246
dPL,Base-CN,S5,55,excess,0.12519821335216616,0.078706129916543743,0.21888776082257799
dPL,Base-CN,S5,55,prop_between_gt_within,0.87272727272727268,0.78181818181818186,0.95499999999999963
dPL,Base-CN,S5,55,prop_excess_gt_0,0.87272727272727268,0.78181818181818186,0.94545454545454544
dPL,Base-TGD,Full531,531,within_a,0.099930944587224554,0.093000659660306434,0.10359119136134717
dPL,Base-TGD,Full531,531,within_b,0.12310379845996697,0.11486186668381447,0.12970827354393297
dPL,Base-TGD,Full531,531,within_pooled,0.11368148698636654,0.10991673164182336,0.11986232673800204
dPL,Base-TGD,Full531,531,between_all,0.15392231452181993,0.14452447417626757,0.16947851666526473
dPL,Base-TGD,Full531,531,excess,0.037647057033407302,0.032403865381908675,0.043980739448929135
dPL,Base-TGD,Full531,531,prop_between_gt_within,0.79284369114877584,0.75983992467043315,0.82485875706214684
dPL,Base-TGD,Full531,531,prop_excess_gt_0,0.79284369114877584,0.75795668549905837,0.82674199623352163
dPL,Base-TGD,ExcludeS5,476,within_a,0.097142027792597688,0.092072530981476844,0.1032517562878599
dPL,Base-TGD,ExcludeS5,476,within_b,0.1215725770979158,0.11310425424849122,0.12964374540950696
dPL,Base-TGD,ExcludeS5,476,within_pooled,0.11359380514287407,0.10983319025588663,0.11986146356685082
dPL,Base-TGD,ExcludeS5,476,between_all,0.14734666268264668,0.13948949510041336,0.15878298779354894
dPL,Base-TGD,ExcludeS5,476,excess,0.034591941608222869,0.029832081688652347,0.041650682627707047
dPL,Base-TGD,ExcludeS5,476,prop_between_gt_within,0.78361344537815125,0.74789915966386555,0.8214285714285714
dPL,Base-TGD,ExcludeS5,476,prop_excess_gt_0,0.78361344537815125,0.74789915966386555,0.82043067226890753
dPL,Base-TGD,S1,165,within_a,0.1035299100526173,0.093570207187079243,0.11335565124841479
dPL,Base-TGD,S1,165,within_b,0.1131729619566595,0.10518891971647282,0.12933468872411616
dPL,Base-TGD,S1,165,within_pooled,0.11987872698987515,0.10961796702800415,0.12738318303360802
dPL,Base-TGD,S1,165,between_all,0.13285259202141089,0.12585972159793671,0.1417005736664699
dPL,Base-TGD,S1,165,excess,0.019465304898366349,0.010917449240547092,0.026509271973498404
dPL,Base-TGD,S1,165,prop_between_gt_within,0.70909090909090911,0.63636363636363635,0.77575757575757576
dPL,Base-TGD,S1,165,prop_excess_gt_0,0.70909090909090911,0.63636363636363635,0.77575757575757576
dPL,Base-TGD,S2,156,within_a,0.091444678287659384,0.084300485394071423,0.10146053476174757
dPL,Base-TGD,S2,156,within_b,0.10619190065296222,0.099755851765165868,0.11609738855503542
dPL,Base-TGD,S2,156,within_pooled,0.1019937359414988,0.097226328308060397,0.10842408337845988
dPL,Base-TGD,S2,156,between_all,0.13035402434415977,0.11780823169059385,0.14579669065583503
dPL,Base-TGD,S2,156,excess,0.031015656906578155,0.023313052978021311,0.039026212927466962
dPL,Base-TGD,S2,156,prop_between_gt_within,0.75641025641025639,0.69230769230769229,0.82387820512820498
dPL,Base-TGD,S2,156,prop_excess_gt_0,0.75641025641025639,0.6858974358974359,0.82051282051282048
dPL,Base-TGD,S3,121,within_a,0.096638778729663866,0.088659366794267377,0.10541366731132795
dPL,Base-TGD,S3,121,within_b,0.14038616789949934,0.12665899211610718,0.15248877728836252
dPL,Base-TGD,S3,121,within_pooled,0.12161714147435015,0.10949599526851495,0.13302576833127214
dPL,Base-TGD,S3,121,between_all,0.24179946144855699,0.18558274996808613,0.28126941116222332
dPL,Base-TGD,S3,121,excess,0.079076497954838454,0.054661222411646115,0.13716823426638181
dPL,Base-TGD,S3,121,prop_between_gt_within,0.88429752066115708,0.83471074380165289,0.94214876033057848
dPL,Base-TGD,S3,121,prop_excess_gt_0,0.88429752066115708,0.82644628099173556,0.93388429752066116
dPL,Base-TGD,S4,34,within_a,0.12441879525611693,0.094827634940978761,0.16180794550096209
dPL,Base-TGD,S4,34,within_b,0.22437309354392779,0.1731545488274629,0.24085038547093598
dPL,Base-TGD,S4,34,within_pooled,0.18013649432690151,0.15569442096665576,0.19389848320916545
dPL,Base-TGD,S4,34,between_all,0.33959666957387247,0.27668321140441121,0.37358122142586997
dPL,Base-TGD,S4,34,excess,0.1069855545807224,0.066667973296617958,0.15994094357389288
dPL,Base-TGD,S4,34,prop_between_gt_within,0.91176470588235292,0.79411764705882348,1
dPL,Base-TGD,S4,34,prop_excess_gt_0,0.91176470588235292,0.82352941176470584,1
dPL,Base-TGD,S5,55,within_a,0.10672202836160073,0.08488642106487429,0.12316428888007912
dPL,Base-TGD,S5,55,within_b,0.14842137458312935,0.11765642338877476,0.16095538529815548
dPL,Base-TGD,S5,55,within_pooled,0.12052798965318037,0.10334779441803257,0.15340635349341103
dPL,Base-TGD,S5,55,between_all,0.27674690051529338,0.21052811049623482,0.32113647733421641
dPL,Base-TGD,S5,55,excess,0.085137481676987162,0.054566556622651419,0.1173105871745086
dPL,Base-TGD,S5,55,prop_between_gt_within,0.87272727272727268,0.78181818181818186,0.94545454545454544
dPL,Base-TGD,S5,55,prop_excess_gt_0,0.87272727272727268,0.78181818181818186,0.94545454545454544
dPL,TGD-CN,Full531,531,within_a,0.12310379845996697,0.1163541565489993,0.12986964829892844
dPL,TGD-CN,Full531,531,within_b,0.10072321300358306,0.096896242811632366,0.10629980661402841
dPL,TGD-CN,Full531,531,within_pooled,0.11870572762266637,0.11293173604263756,0.12517608080167003
dPL,TGD-CN,Full531,531,between_all,0.16289584382080305,0.15422369343783371,0.17410134881669645
dPL,TGD-CN,Full531,531,excess,0.045526604232513646,0.039817300638569211,0.0539348265124239
dPL,TGD-CN,Full531,531,prop_between_gt_within,0.84745762711864403,0.81732580037664782,0.87758945386064036
dPL,TGD-CN,Full531,531,prop_excess_gt_0,0.84745762711864403,0.81732580037664782,0.87481167608286248
dPL,TGD-CN,ExcludeS5,476,within_a,0.1215725770979158,0.11407268437974175,0.12919057910024137
dPL,TGD-CN,ExcludeS5,476,within_b,0.099068357659746281,0.094783836938530652,0.10529061872406897
dPL,TGD-CN,ExcludeS5,476,within_pooled,0.11620833706618289,0.11002458747067805,0.12193756937565131
dPL,TGD-CN,ExcludeS5,476,between_all,0.15917742756372638,0.15044929010117356,0.16852129297581084
dPL,TGD-CN,ExcludeS5,476,excess,0.043668849180655035,0.038761179700458025,0.050734565599149517
dPL,TGD-CN,ExcludeS5,476,prop_between_gt_within,0.84033613445378152,0.80672268907563027,0.87394957983193278
dPL,TGD-CN,ExcludeS5,476,prop_excess_gt_0,0.84033613445378152,0.80561974789915969,0.87394957983193278
dPL,TGD-CN,S1,165,within_a,0.1131729619566595,0.1052708130447975,0.12946306621337267
dPL,TGD-CN,S1,165,within_b,0.1001536940878608,0.091909305810422337,0.10880136057322691
dPL,TGD-CN,S1,165,within_pooled,0.1156178546521282,0.10669918122872939,0.12367430977321113
dPL,TGD-CN,S1,165,between_all,0.1309750056236228,0.11903812574539216,0.13898134640700394
dPL,TGD-CN,S1,165,excess,0.013391348188518476,0.0087078480950130814,0.021794680727908258
dPL,TGD-CN,S1,165,prop_between_gt_within,0.70909090909090911,0.63636363636363635,0.77893939393939382
dPL,TGD-CN,S1,165,prop_excess_gt_0,0.70909090909090911,0.64848484848484844,0.77575757575757576
dPL,TGD-CN,S2,156,within_a,0.10619190065296222,0.099610479726755574,0.11645395073527652
dPL,TGD-CN,S2,156,within_b,0.095714503531367734,0.087883507883065648,0.10311088440805037
dPL,TGD-CN,S2,156,within_pooled,0.1024574859951769,0.095692481753031564,0.11177938118127387
dPL,TGD-CN,S2,156,between_all,0.15671522886420236,0.13826259627588272,0.16958879656746306
dPL,TGD-CN,S2,156,excess,0.048963774238664048,0.041237717741102617,0.056525825412067396
dPL,TGD-CN,S2,156,prop_between_gt_within,0.88461538461538458,0.82692307692307687,0.9358974358974359
dPL,TGD-CN,S2,156,prop_excess_gt_0,0.88461538461538458,0.83974358974358976,0.92948717948717952
dPL,TGD-CN,S3,121,within_a,0.14038616789949934,0.12518924887271629,0.15125135759428021
dPL,TGD-CN,S3,121,within_b,0.098200916896641802,0.092132810210068472,0.10749564079432929
dPL,TGD-CN,S3,121,within_pooled,0.12153767741853158,0.10702500006652629,0.13132060361252534
dPL,TGD-CN,S3,121,between_all,0.1971820877788199,0.17929939303150969,0.21857607296279205
dPL,TGD-CN,S3,121,excess,0.090838088871503242,0.064933154640812688,0.10461666185839359
dPL,TGD-CN,S3,121,prop_between_gt_within,0.94214876033057848,0.90082644628099173,0.98347107438016534
dPL,TGD-CN,S3,121,prop_excess_gt_0,0.94214876033057848,0.90082644628099173,0.97954545454545439
dPL,TGD-CN,S4,34,within_a,0.22437309354392779,0.16470260068805084,0.24004443617593058
dPL,TGD-CN,S4,34,within_b,0.12894244546714836,0.096905412516016379,0.16375318191062999
dPL,TGD-CN,S4,34,within_pooled,0.17949887231550032,0.15214151779866836,0.20195366695983077
dPL,TGD-CN,S4,34,between_all,0.34583429778588992,0.25445608766150979,0.39111597070203596
dPL,TGD-CN,S4,34,excess,0.11208251058907408,0.069444010888189842,0.15432671020499539
dPL,TGD-CN,S4,34,prop_between_gt_within,0.91176470588235292,0.79411764705882348,1
dPL,TGD-CN,S4,34,prop_excess_gt_0,0.91176470588235292,0.82352941176470584,1
dPL,TGD-CN,S5,55,within_a,0.14842137458312935,0.11765642338877476,0.16216276083368228
dPL,TGD-CN,S5,55,within_b,0.11748313559233163,0.10806534145404174,0.14550869353794885
dPL,TGD-CN,S5,55,within_pooled,0.14463392065874933,0.13124262724114905,0.15936007795978685
dPL,TGD-CN,S5,55,between_all,0.28345345276467881,0.18191462386783427,0.3785144366392712
dPL,TGD-CN,S5,55,excess,0.10877239566910693,0.044683702757349786,0.19174348139248304
dPL,TGD-CN,S5,55,prop_between_gt_within,0.90909090909090906,0.83636363636363631,0.96363636363636362
dPL,TGD-CN,S5,55,prop_excess_gt_0,0.90909090909090906,0.83636363636363631,0.98181818181818181
