basin_id,frac_snow,snow_stratum,delta_abs_CT_Base_CN_XAJ_IC,n_seeds_XAJ_IC,delta_abs_CT_Base_CN_XAJ_dPL,n_seeds_XAJ_dPL,delta_abs_CT_Base_CN_GR4J_IC,n_seeds_GR4J_IC,delta_abs_CT_Base_CN_GR4J_dPL,n_seeds_GR4J_dPL,delta_abs_CT_Base_CN_SIMHYD_IC,n_seeds_SIMHYD_IC,delta_abs_CT_Base_CN_SIMHYD_dPL,n_seeds_SIMHYD_dPL
01022500,0.245259009248271,S3,16.0,1,13.0,3,23.0,1,15.0,3,13.0,1,11.0,2
01031500,0.291836473001958,S3,40.0,1,28.0,3,56.0,1,51.0,3,14.0,1,15.5,2
01047000,0.280118126940736,S3,27.0,1,16.0,3,55.0,1,51.0,3,9.0,1,7.5,2
01052500,0.352698254049326,S4,31.0,1,35.0,3,46.0,1,60.0,3,28.0,1,23.5,2
01054200,0.299641539662879,S3,39.0,1,22.0,3,34.0,1,55.0,3,12.0,1,18.0,2
01055000,0.306048851694867,S4,30.0,1,18.0,3,40.0,1,57.0,3,10.0,1,10.0,2
01057000,0.251157672769098,S3,31.0,1,13.0,3,45.0,1,36.0,3,7.0,1,8.5,2
01073000,0.17503243505174,S3,10.0,1,6.0,3,18.0,1,19.0,3,-7.0,1,-6.0,2
01078000,0.23971852199071,S3,28.0,1,29.0,3,48.0,1,38.0,3,9.0,1,16.5,2
01123000,0.136053399026134,S2,7.0,1,7.0,3,7.0,1,7.0,3,0.0,1,2.5,2
01134500,0.280582089228151,S3,-1.0,1,4.0,3,31.0,1,51.0,3,3.0,1,0.0,2
01137500,0.301814975818189,S4,26.0,1,24.0,3,55.0,1,46.0,3,7.0,1,14.5,2
01139000,0.246562671549799,S3,2.0,1,-4.0,3,42.0,1,35.0,3,-4.0,1,-5.5,2
01139800,0.26232897318021,S3,19.0,1,3.0,3,40.0,1,31.0,3,-4.0,1,-3.5,2
01142500,0.252307890542821,S3,12.0,1,9.0,3,36.0,1,32.0,3,8.0,1,7.5,2
01144000,0.248466348504845,S3,19.0,1,10.0,3,45.0,1,38.0,3,8.0,1,8.5,2
01162500,0.226769184680043,S3,11.0,1,5.0,3,16.0,1,15.0,3,5.0,1,-1.5,2
01169000,0.238972605896079,S3,11.0,1,16.0,3,38.0,1,31.0,3,6.0,1,3.5,2
01170100,0.234653735405934,S3,13.0,1,13.0,3,24.0,1,19.0,3,-5.0,1,3.5,2
01181000,0.217563041040592,S3,12.0,1,2.0,3,32.0,1,21.0,3,-10.0,1,-3.5,2
01187300,0.201269335695146,S3,-7.0,1,-5.0,3,11.0,1,12.0,3,-18.0,1,-15.5,2
01195100,0.106042892091717,S2,5.0,1,-2.0,3,13.0,1,5.0,3,7.0,1,-2.0,2
04296000,0.273317826422307,S3,28.0,1,21.0,3,50.0,1,41.0,3,22.0,1,20.0,2
01333000,0.222244968016498,S3,5.0,1,-4.0,3,7.0,1,-3.0,3,-11.0,1,-15.0,2
01350000,0.231159657658639,S3,8.0,1,4.0,3,21.0,1,16.0,3,-19.0,1,-11.0,2
01350080,0.221156578322867,S3,24.0,1,29.0,3,29.0,1,20.0,3,0.0,1,7.5,2
01350140,0.219859026682811,S3,14.0,1,11.0,3,24.0,1,11.0,3,-10.0,1,-0.5,2
01365000,0.202270211093681,S3,-4.0,1,4.0,3,20.0,1,23.0,3,-7.0,1,-6.5,2
01411300,0.0480948550351646,S1,-1.0,1,0.0,3,1.0,1,1.0,3,-1.0,1,3.5,2
01413500,0.216908033968228,S3,9.0,1,7.0,3,21.0,1,15.0,3,-3.0,1,-4.0,2
01414500,0.216628505016047,S3,0.0,1,-7.0,3,7.0,1,2.0,3,-10.0,1,-12.5,2
01415000,0.213452184948768,S3,6.0,1,1.0,3,10.0,1,6.0,3,-8.0,1,-9.0,2
01423000,0.217830297712483,S3,13.0,1,7.0,3,16.0,1,12.0,3,-7.0,1,-10.0,2
01434025,0.23781373120698,S3,-6.0,1,-5.0,3,11.0,1,6.0,3,-8.0,1,-15.5,2
01435000,0.223616269388589,S3,-16.0,1,-13.0,3,13.0,1,13.0,3,-10.0,1,-13.5,2
01439500,0.163765228832016,S3,1.0,1,-4.0,3,14.0,1,8.0,3,-8.0,1,-5.0,2
01440000,0.147767408338048,S2,10.0,1,8.0,3,14.0,1,15.0,3,8.0,1,-1.5,2
01440400,0.172223371092882,S3,-2.0,1,-9.0,3,15.0,1,10.0,3,-4.0,1,-8.5,2
01451800,0.128362665991427,S2,4.0,1,6.0,3,16.0,1,12.0,3,5.0,1,1.5,2
01466500,0.0626617697616761,S2,-1.0,1,1.0,3,-3.0,1,-5.0,3,1.0,1,-2.0,2
01484100,0.042571686471381,S1,1.0,1,2.0,3,1.0,1,-1.0,3,2.0,1,1.0,2
01487000,0.0424689894259026,S1,0.0,1,1.0,3,1.0,1,2.0,3,0.0,1,1.0,2
01491000,0.0500257211233794,S2,2.0,1,0.0,3,6.0,1,4.0,3,-1.0,1,3.5,2
01510000,0.237057400622962,S3,11.0,1,5.0,3,24.0,1,23.0,3,-10.0,1,-0.5,2
01516500,0.199238597784613,S3,21.0,1,13.0,3,28.0,1,28.0,3,13.0,1,-0.5,2
01518862,0.201111344911574,S3,13.0,1,10.0,3,34.0,1,23.0,3,2.0,1,2.0,2
01532000,0.176741266621108,S3,5.0,1,-2.0,3,13.0,1,13.0,3,-10.0,1,6.5,2
01539000,0.156285913306627,S3,8.0,1,2.0,3,15.0,1,13.0,3,-17.0,1,-4.0,2
01542810,0.189716485804691,S3,-6.0,1,-7.0,3,0.0,1,25.0,3,-16.0,1,-1.5,2
01543000,0.188056577083995,S3,-3.0,1,-10.0,3,31.0,1,30.0,3,-13.0,1,-8.0,2
01543500,0.181653610941671,S3,0.0,1,-2.0,3,31.0,1,27.0,3,-1.0,1,0.5,2
01544500,0.20336289315932,S3,8.0,1,1.0,3,17.0,1,17.0,3,-7.0,1,-8.0,2
01545600,0.192645540908709,S3,7.0,1,6.0,3,30.0,1,22.0,3,14.0,1,1.0,2
01547700,0.156172998266035,S3,-4.0,1,4.0,3,19.0,1,11.0,3,-6.0,1,-1.0,2
01548500,0.202088630482319,S3,7.0,1,4.0,3,25.0,1,26.0,3,-8.0,1,-6.0,2
01549500,0.186519052942025,S3,-17.0,1,-10.0,3,16.0,1,21.0,3,-10.0,1,-4.5,2
01550000,0.179825512854574,S3,-6.0,1,-4.0,3,14.0,1,18.0,3,-9.0,1,-1.5,2
01552000,0.17305912288721,S3,-1.0,1,-6.0,3,13.0,1,7.0,3,-9.0,1,-5.5,2
01552500,0.185169707979555,S3,-11.0,1,-18.0,3,9.0,1,8.0,3,-3.0,1,-4.0,2
01557500,0.15867182381751,S3,-1.0,1,6.0,3,24.0,1,22.0,3,-8.0,1,2.0,2
01567500,0.126036065938383,S2,2.0,1,-2.0,3,13.0,1,5.0,3,1.0,1,1.0,2
01568000,0.128510858031358,S2,5.0,1,1.0,3,14.0,1,7.0,3,-4.0,1,4.0,2
01580000,0.0816880923954386,S2,2.0,1,-2.0,3,3.0,1,4.0,3,-3.0,1,-7.0,2
01583500,0.0807286497637625,S2,0.0,1,0.0,3,6.0,1,2.0,3,-4.0,1,-4.0,2
01586610,0.088413478566147,S2,8.0,1,1.0,3,6.0,1,4.0,3,2.0,1,1.5,2
01591400,0.0838764227317032,S2,9.0,1,5.0,3,5.0,1,1.0,3,3.0,1,-1.0,2
01594950,0.189214297334908,S3,-4.0,1,0.0,3,13.0,1,15.0,3,1.0,1,-5.5,2
01596500,0.188402157557544,S3,4.0,1,7.0,3,14.0,1,14.0,3,-8.0,1,-1.5,2
01605500,0.137136101417764,S2,19.0,1,2.0,3,8.0,1,8.0,3,19.0,1,1.5,2
01606500,0.148750518921295,S2,8.0,1,13.0,3,9.0,1,18.0,3,20.0,1,-3.0,2
01632000,0.110024870103334,S2,-1.0,1,5.0,3,-2.0,1,13.0,3,10.0,1,2.5,2
01632900,0.0980763292373855,S2,4.0,1,-6.0,3,7.0,1,3.0,3,-5.0,1,8.0,2
01634500,0.114828393813144,S2,-2.0,1,3.0,3,12.0,1,7.0,3,-11.0,1,-8.5,2
01638480,0.0845583823488279,S2,3.0,1,0.0,3,5.0,1,3.0,3,9.0,1,-2.5,2
01639500,0.0961263501421113,S2,0.0,1,-3.0,3,5.0,1,8.0,3,0.0,1,-5.5,2
01644000,0.084351798741144,S2,0.0,1,1.0,3,2.0,1,3.0,3,-2.0,1,-1.5,2
01664000,0.0827964257846037,S2,4.0,1,5.0,3,3.0,1,7.0,3,2.0,1,4.5,2
01666500,0.0822553978033295,S2,1.0,1,-10.0,3,17.0,1,10.0,3,-19.0,1,-3.0,2
01667500,0.0788117934771709,S2,-2.0,1,-6.0,3,-3.0,1,2.0,3,12.0,1,-5.0,2
01669000,0.0412059832430486,S1,-3.0,1,0.0,3,-1.0,1,1.0,3,-3.0,1,0.0,2
01669520,0.0368199149910729,S1,0.0,1,5.0,3,-1.0,1,-2.0,3,-1.0,1,-3.0,2
02011400,0.129154721501962,S2,8.0,1,7.0,3,8.0,1,9.0,3,-1.0,1,1.0,2
02013000,0.0979143372407574,S2,-1.0,1,2.0,3,-19.0,1,5.0,3,-2.0,1,-0.5,2
02014000,0.0978680841760858,S2,4.0,1,6.0,3,14.0,1,12.0,3,-5.0,1,-0.5,2
02015700,0.128567248718796,S2,10.0,1,5.0,3,4.0,1,8.0,3,4.0,1,-2.0,2
02016000,0.102077363429123,S2,1.0,1,6.0,3,14.0,1,9.0,3,0.0,1,-3.0,2
02017500,0.0901845265568014,S2,-2.0,1,-1.0,3,11.0,1,8.0,3,-2.0,1,1.0,2
02018000,0.0849686144296571,S2,3.0,1,5.0,3,12.0,1,10.0,3,-1.0,1,2.0,2
02027000,0.0904732223814793,S2,-4.0,1,-4.0,3,-3.0,1,-5.0,3,-3.0,1,-4.0,2
02027500,0.100786018307687,S2,1.0,1,-9.0,3,0.0,1,1.0,3,-7.0,1,-6.0,2
02028500,0.0802569579048301,S2,5.0,1,0.0,3,5.0,1,3.0,3,5.0,1,-1.5,2
02038850,0.0655225978510027,S2,7.0,1,-2.0,3,7.0,1,-1.0,3,-5.0,1,2.0,2
02046000,0.0453728268084367,S1,-4.0,1,3.0,3,-1.0,1,0.0,3,4.0,1,-10.5,2
02051500,0.0525514965704711,S2,1.0,1,1.0,3,2.0,1,1.0,3,-1.0,1,-2.0,2
02053200,0.0248316831845784,S1,1.0,1,2.0,3,3.0,1,2.0,3,1.0,1,-1.5,2
02053800,0.0938172550300136,S2,-1.0,1,-6.0,3,5.0,1,5.0,3,5.0,1,-6.0,2
02055100,0.0622119918873982,S2,23.0,1,-3.0,3,19.0,1,7.0,3,11.0,1,-7.0,2
02056900,0.0646059372808137,S2,-3.0,1,-1.0,3,2.0,1,5.0,3,0.0,1,-6.0,2
02059500,0.0529389162953181,S2,14.0,1,-3.0,3,2.0,1,2.0,3,12.0,1,-3.5,2
02064000,0.0606011692596163,S2,1.0,1,0.0,3,6.0,1,0.0,3,6.0,1,-1.0,2
02065500,0.0617139970732649,S2,3.0,1,3.0,3,-8.0,1,-1.0,3,7.0,1,-2.5,2
02069700,0.0533951587612168,S2,5.0,1,5.0,3,5.0,1,4.0,3,8.0,1,-3.5,2
02070000,0.0508621647943431,S2,-1.0,1,1.0,3,-13.0,1,4.0,3,-6.0,1,-4.0,2
02074500,0.0524690208413809,S2,-6.0,1,0.0,3,3.0,1,2.0,3,9.0,1,0.5,2
02077200,0.0489889008542847,S1,1.0,1,0.0,3,-1.0,1,2.0,3,-7.0,1,0.0,2
02081500,0.0436247713972968,S1,-5.0,1,0.0,3,-2.0,1,-2.0,3,2.0,1,-1.5,2
02082950,0.0329927432325966,S1,10.0,1,1.0,3,7.0,1,0.0,3,2.0,1,2.5,2
02092500,0.0120832517590196,S1,0.0,1,-1.0,3,-1.0,1,0.0,3,0.0,1,0.0,2
02096846,0.0392525452032849,S1,7.0,1,5.0,3,2.0,1,-4.0,3,1.0,1,-1.0,2
02102908,0.0235111757954398,S1,-13.0,1,-2.0,3,-2.0,1,-3.0,3,11.0,1,0.0,2
02108000,0.0092819261110396,S1,1.0,1,0.0,3,3.0,1,0.0,3,0.0,1,0.0,2
02111180,0.0460568781002514,S1,1.0,1,2.0,3,10.0,1,5.0,3,-1.0,1,-2.5,2
02111500,0.0523692516718814,S2,-3.0,1,-3.0,3,4.0,1,4.0,3,6.0,1,-6.0,2
02112120,0.0524049751607388,S2,1.0,1,0.0,3,1.0,1,0.0,3,-1.0,1,-1.0,2
02112360,0.0531136274470014,S2,2.0,1,-1.0,3,3.0,1,3.0,3,1.0,1,-4.0,2
02118500,0.0413708350211441,S1,-6.0,1,-7.0,3,2.0,1,8.0,3,-10.0,1,-5.5,2
02125000,0.0247912331690011,S1,4.0,1,-1.0,3,0.0,1,1.0,3,0.0,1,2.0,2
02128000,0.0256704433801346,S1,5.0,1,4.0,3,2.0,1,1.0,3,4.0,1,-4.5,2
02137727,0.0405315310761795,S1,2.0,1,-2.0,3,3.0,1,1.0,3,-3.0,1,-6.0,2
02140991,0.0420384668349782,S1,0.0,1,0.0,3,8.0,1,1.0,3,4.0,1,-0.5,2
02143000,0.0313262156816952,S1,-1.0,1,0.0,3,1.0,1,3.0,3,-2.0,1,0.0,2
02143040,0.0345610698452001,S1,-3.0,1,-2.0,3,3.0,1,3.0,3,-3.0,1,-6.0,2
02149000,0.029590457635321,S1,-2.0,1,-6.0,3,1.0,1,1.0,3,-5.0,1,-8.0,2
02152100,0.0300807469143999,S1,0.0,1,4.0,3,0.0,1,3.0,3,6.0,1,6.5,2
02177000,0.0267395574591906,S1,-1.0,1,1.0,3,1.0,1,1.0,3,4.0,1,-1.0,2
02178400,0.033836252850455,S1,1.0,1,1.0,3,1.0,1,1.0,3,0.0,1,1.0,2
02193340,0.0127448828346305,S1,0.0,1,0.0,3,0.0,1,0.0,3,5.0,1,-1.0,2
02196000,0.014697822503637,S1,2.0,1,0.0,3,2.0,1,0.0,3,2.0,1,0.0,2
02198100,0.0030935926215692,S1,-2.0,1,-1.0,3,1.0,1,0.0,3,-1.0,1,-1.0,2
02202600,0.000456804897604,S1,-1.0,1,1.0,3,0.0,1,0.0,3,-2.0,1,1.0,2
02212600,0.0090237999831922,S1,2.0,1,-2.0,3,0.0,1,1.0,3,1.0,1,1.0,2
02215100,0.0010333057458655,S1,0.0,1,0.0,3,0.0,1,0.0,3,-2.0,1,0.0,2
02216180,0.000534865436369,S1,1.0,1,0.0,3,0.0,1,0.0,3,-1.0,1,-0.5,2
02221525,0.0095385192188569,S1,-2.0,1,-1.0,3,2.0,1,-1.0,3,0.0,1,0.0,2
02231000,0.0002359180653982,S1,0.0,1,0.0,3,0.0,1,0.0,3,-1.0,1,-2.0,2
02245500,0.0004366285424588,S1,-2.0,1,-1.0,3,0.0,1,0.0,3,1.0,1,-1.0,2
02246000,0.0003326922230974,S1,0.0,1,0.0,3,0.0,1,0.0,3,1.0,1,0.5,2
02296500,0.0,S1,0.0,1,-1.0,3,0.0,1,0.0,3,0.0,1,1.0,2
02297155,0.0,S1,2.0,1,-1.0,3,0.0,1,0.0,3,1.0,1,-1.0,2
02297310,0.0,S1,-5.0,1,0.0,3,0.0,1,-2.0,3,1.0,1,-2.5,2
02298123,0.0,S1,1.0,1,-3.0,3,-1.0,1,0.0,3,0.0,1,1.5,2
02298608,0.0,S1,1.0,1,2.0,3,1.0,1,0.0,3,0.0,1,-5.5,2
02299950,0.0,S1,3.0,1,0.0,3,0.0,1,0.0,3,-1.0,1,-0.5,2
02300700,0.0,S1,0.0,1,10.0,3,0.0,1,2.0,3,-2.0,1,-2.0,2
02342933,0.0027962712555372,S1,0.0,1,0.0,3,0.0,1,0.0,3,4.0,1,-7.5,2
02349900,0.0010817469729248,S1,2.0,1,0.0,3,-1.0,1,0.0,3,2.0,1,0.0,2
02350900,0.001767717746493,S1,2.0,1,0.0,3,3.0,1,-1.0,3,-1.0,1,-0.5,2
02361000,0.0015124422847458,S1,-2.0,1,0.0,3,0.0,1,-1.0,3,1.0,1,1.5,2
02363000,0.0026556564479946,S1,3.0,1,0.0,3,-1.0,1,-1.0,3,0.0,1,0.5,2
02369800,0.0008723526438152,S1,-1.0,1,0.0,3,1.0,1,1.0,3,1.0,1,-2.0,2
02371500,0.0040171402581935,S1,5.0,1,0.0,3,0.0,1,0.0,3,0.0,1,0.5,2
02372250,0.0034759991435446,S1,1.0,1,0.0,3,2.0,1,1.0,3,1.0,1,0.0,2
02374500,0.0030425564536237,S1,0.0,1,0.0,3,0.0,1,-1.0,3,0.0,1,3.0,2
02381600,0.0166377865167783,S1,2.0,1,4.0,3,6.0,1,2.0,3,0.0,1,0.0,2
02384540,0.0316827871052048,S1,2.0,1,0.0,3,1.0,1,4.0,3,5.0,1,1.0,2
02395120,0.0124894104226604,S1,2.0,1,-1.0,3,2.0,1,1.0,3,0.0,1,-1.0,2
02415000,0.0124691410953683,S1,-1.0,1,0.0,3,1.0,1,1.0,3,-5.0,1,0.0,2
02427250,0.0031810787432098,S1,2.0,1,1.0,3,0.0,1,0.0,3,0.0,1,-1.0,2
02430085,0.0126767241295668,S1,4.0,1,-2.0,3,0.0,1,4.0,3,9.0,1,-2.5,2
02450250,0.0142864105715527,S1,1.0,1,7.0,3,4.0,1,0.0,3,0.0,1,2.0,2
02464000,0.011217518412828,S1,1.0,1,0.0,3,0.0,1,0.0,3,0.0,1,-2.5,2
02464360,0.0095365763059721,S1,-4.0,1,1.0,3,-1.0,1,0.0,3,-2.0,1,2.5,2
02465493,0.0073106547528566,S1,2.0,1,-1.0,3,6.0,1,-3.0,3,2.0,1,3.0,2
02469800,0.003171649398055,S1,4.0,1,0.0,3,0.0,1,1.0,3,1.0,1,0.0,2
02472000,0.0060147222598053,S1,2.0,1,0.0,3,3.0,1,0.0,3,2.0,1,1.5,2
02472500,0.002454389871356,S1,-1.0,1,0.0,3,-2.0,1,1.0,3,-1.0,1,0.0,2
02479155,0.0018026132328254,S1,0.0,1,-1.0,3,5.0,1,0.0,3,0.0,1,0.5,2
02479300,0.0007412865485982,S1,0.0,1,0.0,3,0.0,1,-4.0,3,5.0,1,0.0,2
02479560,0.0008881841770739,S1,0.0,1,-1.0,3,0.0,1,-1.0,3,-6.0,1,1.0,2
02481000,0.0003653977736162,S1,-1.0,1,0.0,3,0.0,1,0.0,3,-6.0,1,0.0,2
02481510,0.0007622545076852,S1,4.0,1,-1.0,3,0.0,1,1.0,3,-2.0,1,0.0,2
04015330,0.196079390089318,S3,19.0,1,-9.0,3,-18.0,1,11.0,3,-4.0,1,-7.0,2
04024430,0.1608667587394,S3,-4.0,1,-8.0,3,2.0,1,38.0,3,2.0,1,4.0,2
04027000,0.235000084730923,S3,-5.0,1,-5.0,3,5.0,1,24.0,3,-5.0,1,-4.5,2
04040500,0.309607600434067,S4,8.0,1,5.0,3,44.0,1,40.0,3,0.0,1,0.0,2
04043050,0.299401075000363,S3,1.0,1,18.0,3,51.0,1,35.0,3,5.0,1,-3.5,2
04045500,0.300079815277018,S4,36.0,1,39.0,3,43.0,1,33.0,3,41.0,1,35.0,2
04057510,0.253134692886369,S3,10.0,1,1.0,3,20.0,1,18.0,3,-4.0,1,-4.0,2
04057800,0.334246736484748,S4,24.0,1,6.0,3,41.0,1,42.0,3,6.0,1,4.0,2
04059500,0.235319790957285,S3,14.0,1,4.0,3,45.0,1,38.0,3,-3.0,1,-3.5,2
04063700,0.211966109984869,S3,-2.0,1,9.0,3,15.0,1,12.0,3,-2.0,1,-3.5,2
04074950,0.203272983314769,S3,-5.0,1,-1.0,3,-13.0,1,-3.0,3,-6.0,1,-3.5,2
04105700,0.154578943663624,S3,-9.0,1,-6.0,3,1.0,1,-10.0,3,2.0,1,-1.0,2
04115265,0.17692366303836,S3,-1.0,1,0.0,3,-9.0,1,-8.0,3,-6.0,1,-2.5,2
04122200,0.175430988197981,S3,0.0,1,-7.0,3,0.0,1,-8.0,3,1.0,1,-1.0,2
04122500,0.184317913063151,S3,-12.0,1,-7.0,3,2.0,1,-14.0,3,-11.0,1,-2.5,2
04127918,0.290254060373262,S3,52.0,1,28.0,3,76.0,1,49.0,3,27.0,1,23.0,2
04127997,0.268061615104673,S3,-4.0,1,-5.0,3,5.0,1,-8.0,3,-7.0,1,-6.5,2
04161580,0.157673147023086,S3,-3.0,1,-8.0,3,1.0,1,-1.0,3,-9.0,1,-11.5,2
04185000,0.125203448992686,S2,0.0,1,-2.0,3,15.0,1,14.0,3,6.0,1,9.0,2
04196800,0.099311648741759,S2,4.0,1,4.0,3,-1.0,1,4.0,3,-2.0,1,-2.0,2
04197100,0.111863760810241,S2,3.0,1,5.0,3,14.0,1,13.0,3,0.0,1,-0.5,2
04197170,0.10758495614117,S2,21.0,1,12.0,3,0.0,1,8.0,3,11.0,1,3.5,2
04213000,0.162227338465539,S3,5.0,1,14.0,3,29.0,1,22.0,3,11.0,1,-1.0,2
04213075,0.160655070848624,S3,-17.0,1,4.0,3,-5.0,1,23.0,3,4.0,1,-2.5,2
04216418,0.225393876789264,S3,18.0,1,12.0,3,35.0,1,37.0,3,-1.0,1,-3.0,2
04221000,0.207214753166224,S3,8.0,1,3.0,3,29.0,1,18.0,3,-6.0,1,-7.5,2
04224775,0.204650190587357,S3,-2.0,1,-6.0,3,28.0,1,19.0,3,-6.0,1,-4.5,2
04233000,0.169532329377697,S3,9.0,1,8.0,3,28.0,1,23.0,3,-7.0,1,0.0,2
04256000,0.279703584506989,S3,28.0,1,20.0,3,47.0,1,43.0,3,4.0,1,12.0,2
03010655,0.207261759338099,S3,-2.0,1,-2.0,3,23.0,1,23.0,3,-13.0,1,-7.5,2
03011800,0.210192690903197,S3,-15.0,1,-16.0,3,9.0,1,4.0,3,3.0,1,-12.0,2
03015500,0.192038519147369,S3,1.0,1,-7.0,3,23.0,1,22.0,3,0.0,1,10.0,2
03021350,0.208263538884948,S3,-21.0,1,-25.0,3,8.0,1,10.0,3,-15.0,1,-20.0,2
03026500,0.209814940150446,S3,-3.0,1,-11.0,3,20.0,1,17.0,3,-14.0,1,-9.0,2
03028000,0.203474312123818,S3,-14.0,1,-10.0,3,18.0,1,17.0,3,-11.0,1,-9.0,2
03049000,0.139333377128464,S2,7.0,1,3.0,3,22.0,1,18.0,3,0.0,1,0.0,2
03049800,0.116341909362209,S2,21.0,1,6.0,3,4.0,1,10.0,3,1.0,1,7.0,2
03050000,0.158964457158934,S3,14.0,1,17.0,3,3.0,1,17.0,3,5.0,1,1.0,2
03069500,0.194644630432116,S3,-9.0,1,-10.0,3,7.0,1,22.0,3,-5.0,1,-5.5,2
03070500,0.144725592442485,S2,-6.0,1,-10.0,3,14.0,1,12.0,3,-5.0,1,2.5,2
03076600,0.189395500517419,S3,6.0,1,3.0,3,20.0,1,19.0,3,-2.0,1,-4.0,2
03078000,0.194625437344426,S3,-6.0,1,-5.0,3,7.0,1,10.0,3,-2.0,1,-3.0,2
03140000,0.0894584784615066,S2,3.0,1,1.0,3,10.0,1,9.0,3,0.0,1,10.0,2
03144000,0.0936024048579887,S2,3.0,1,0.0,3,10.0,1,13.0,3,5.0,1,8.5,2
03170000,0.0945585836238721,S2,-4.0,1,-3.0,3,-4.0,1,-6.0,3,-4.0,1,-6.0,2
03173000,0.0942000993572573,S2,-2.0,1,10.0,3,7.0,1,7.0,3,11.0,1,5.5,2
03180500,0.195303023284764,S3,9.0,1,7.0,3,22.0,1,24.0,3,-2.0,1,-2.0,2
03182500,0.170253081143655,S3,15.0,1,11.0,3,19.0,1,22.0,3,3.0,1,-2.5,2
03186500,0.1907316712122,S3,-10.0,1,-9.0,3,10.0,1,8.0,3,-2.0,1,-3.5,2
03237280,0.0847306381238598,S2,7.0,1,-13.0,3,-12.0,1,2.0,3,-4.0,1,-1.5,2
03237500,0.0787104016916548,S2,2.0,1,3.0,3,-4.0,1,4.0,3,-1.0,1,0.0,2
03238500,0.0747385312973334,S2,1.0,1,1.0,3,0.0,1,4.0,3,0.0,1,2.0,2
03241500,0.0779467519548554,S2,-1.0,1,-1.0,3,11.0,1,9.0,3,2.0,1,-0.5,2
03280700,0.0584460847843343,S2,1.0,1,7.0,3,4.0,1,8.0,3,-7.0,1,4.0,2
03281500,0.044067880842997,S1,8.0,1,9.0,3,3.0,1,1.0,3,1.0,1,-5.0,2
03285000,0.0446468108120254,S1,2.0,1,1.0,3,1.0,1,3.0,3,-1.0,1,0.5,2
03291780,0.0673686532615331,S2,0.0,1,1.0,3,-1.0,1,6.0,3,-1.0,1,-1.5,2
03338780,0.0725503193755769,S2,2.0,1,1.0,3,6.0,1,0.0,3,6.0,1,4.0,2
03340800,0.0732286680426859,S2,4.0,1,0.0,3,11.0,1,1.0,3,0.0,1,-3.0,2
03346000,0.0621069652969445,S2,3.0,1,-3.0,3,5.0,1,9.0,3,0.0,1,-0.5,2
03364500,0.0804170575814994,S2,-2.0,1,1.0,3,3.0,1,0.0,3,0.0,1,0.5,2
03366500,0.059067129172147,S2,0.0,1,0.0,3,1.0,1,4.0,3,1.0,1,0.0,2
03368000,0.0670858663666364,S2,0.0,1,0.0,3,-2.0,1,-1.0,3,-1.0,1,5.5,2
03384450,0.0496725306242436,S1,0.0,1,5.0,3,0.0,1,12.0,3,1.0,1,0.0,2
03439000,0.0374660918206049,S1,1.0,1,-1.0,3,3.0,1,3.0,3,-3.0,1,-2.5,2
03455500,0.0774314166204897,S2,-3.0,1,-7.0,3,-7.0,1,-3.0,3,-9.0,1,-13.0,2
03456500,0.0638736766495558,S2,-2.0,1,-3.0,3,1.0,1,-4.0,3,-2.0,1,-4.5,2
03460000,0.077253343718732,S2,-3.0,1,-6.0,3,-5.0,1,-4.0,3,-5.0,1,-6.5,2
03463300,0.0849163900758962,S2,2.0,1,0.0,3,10.0,1,5.0,3,-4.0,1,-6.5,2
03471500,0.0838711696088708,S2,5.0,1,4.0,3,12.0,1,7.0,3,6.0,1,10.0,2
03473000,0.0832667330515825,S2,1.0,1,0.0,3,5.0,1,7.0,3,1.0,1,7.0,2
03479000,0.0904171237520879,S2,-8.0,1,-8.0,3,8.0,1,5.0,3,-8.0,1,-1.5,2
03488000,0.0815490515140822,S2,4.0,1,5.0,3,3.0,1,2.0,3,2.0,1,8.5,2
03498500,0.0343707789266315,S1,1.0,1,4.0,3,8.0,1,9.0,3,0.0,1,2.0,2
03500000,0.0292489179120406,S1,3.0,1,1.0,3,2.0,1,3.0,3,2.0,1,2.5,2
03500240,0.029394718558517,S1,1.0,1,4.0,3,2.0,1,2.0,3,2.0,1,3.5,2
03504000,0.0589912291417263,S2,3.0,1,2.0,3,1.0,1,1.0,3,0.0,1,1.5,2
03574500,0.0200681785915394,S1,0.0,1,3.0,3,0.0,1,0.0,3,0.0,1,1.5,2
03592718,0.0149109120314144,S1,-1.0,1,-2.0,3,2.0,1,3.0,3,-1.0,1,0.5,2
03604000,0.0255990760932844,S1,-3.0,1,2.0,3,-16.0,1,1.0,3,-1.0,1,-2.0,2
05291000,0.148874500915531,S2,-10.0,1,-4.0,3,1.0,1,-2.0,3,-1.0,1,-1.0,2
05362000,0.174430982504896,S3,11.0,1,-2.0,3,32.0,1,31.0,3,-2.0,1,-2.0,2
05393500,0.19616986570515,S3,12.0,1,8.0,3,0.0,1,38.0,3,-3.0,1,-3.5,2
05399500,0.156958255923397,S3,-2.0,1,-2.0,3,9.0,1,9.0,3,-6.0,1,-2.0,2
05408000,0.140156645371,S2,1.0,1,3.0,3,-4.0,1,-4.0,3,12.0,1,-4.5,2
05413500,0.124159245932601,S2,2.0,1,4.0,3,-5.0,1,-5.0,3,-1.0,1,0.0,2
05414000,0.123542293769616,S2,-1.0,1,4.0,3,-11.0,1,-9.0,3,-3.0,1,-9.5,2
05444000,0.113352332875094,S2,-6.0,1,-5.0,3,14.0,1,-6.0,3,-4.0,1,-2.0,2
05454000,0.102381239516297,S2,2.0,1,-5.0,3,0.0,1,-4.0,3,3.0,1,1.5,2
05458000,0.122540965691067,S2,0.0,1,-2.0,3,1.0,1,-4.0,3,1.0,1,0.0,2
05466500,0.107102802145215,S2,-2.0,1,-1.0,3,5.0,1,5.0,3,7.0,1,8.5,2
05487980,0.0964519167641938,S2,-1.0,1,-1.0,3,1.0,1,-1.0,3,-3.0,1,-4.5,2
05488200,0.10182137585369,S2,0.0,1,-1.0,3,-1.0,1,-4.0,3,1.0,1,0.0,2
05489000,0.0977424681708028,S2,6.0,1,-5.0,3,1.0,1,-1.0,3,3.0,1,-5.0,2
05495000,0.0965623589589288,S2,-1.0,1,-1.0,3,-4.0,1,3.0,3,4.0,1,-0.5,2
05495500,0.0758324970984556,S2,-1.0,1,-1.0,3,-1.0,1,1.0,3,-1.0,1,-0.5,2
05501000,0.0805965933083467,S2,0.0,1,1.0,3,-5.0,1,0.0,3,1.0,1,-1.5,2
05503800,0.0832843857982754,S2,3.0,1,0.0,3,4.0,1,-1.0,3,0.0,1,-3.0,2
05507600,0.0742633892998097,S2,0.0,1,0.0,3,0.0,1,0.0,3,0.0,1,-1.5,2
05508805,0.075793058486455,S2,0.0,1,0.0,3,0.0,1,2.0,3,0.0,1,-2.0,2
05525500,0.0775662992910571,S2,2.0,1,-1.0,3,2.0,1,7.0,3,0.0,1,6.5,2
05556500,0.106987814559373,S2,-2.0,1,-5.0,3,14.0,1,3.0,3,-12.0,1,-9.5,2
05584500,0.0864765586667042,S2,0.0,1,0.0,3,12.0,1,1.0,3,-2.0,1,-1.5,2
05591550,0.0692516054963585,S2,0.0,1,-1.0,3,3.0,1,-2.0,3,2.0,1,-2.5,2
05592050,0.0740889287495313,S2,4.0,1,0.0,3,2.0,1,1.0,3,0.0,1,-2.0,2
05592575,0.0638801924050215,S2,6.0,1,0.0,3,2.0,1,-2.0,3,0.0,1,-3.0,2
05593575,0.0547473552431735,S2,6.0,1,-1.0,3,4.0,1,1.0,3,1.0,1,0.0,2
05593900,0.0734339258739105,S2,1.0,1,0.0,3,2.0,1,11.0,3,1.0,1,-8.5,2
05595730,0.05667164669358,S2,-5.0,1,0.0,3,6.0,1,0.0,3,-1.0,1,0.5,2
07291000,0.003569389743915,S1,0.0,1,0.0,3,0.0,1,0.0,3,0.0,1,0.0,2
07359610,0.0301790248613661,S1,-1.0,1,11.0,3,-15.0,1,8.0,3,12.0,1,0.0,2
07362100,0.0183234657917035,S1,0.0,1,0.0,3,0.0,1,0.0,3,0.0,1,0.0,2
07362587,0.0366380668861851,S1,3.0,1,0.0,3,-1.0,1,1.0,3,5.0,1,1.0,2
07375000,0.0005081655254214,S1,5.0,1,0.0,3,0.0,1,0.0,3,1.0,1,7.0,2
08013000,0.0032863361803717,S1,-1.0,1,0.0,3,1.0,1,0.0,3,0.0,1,0.0,2
08014500,0.0022457658116513,S1,3.0,1,0.0,3,-1.0,1,-1.0,3,2.0,1,-1.0,2
05057200,0.141789208175196,S2,25.0,1,-3.0,3,-5.0,1,-6.0,3,25.0,1,-5.5,2
05120500,0.19176626992326,S3,28.0,1,-17.0,3,-21.0,1,-14.0,3,2.0,1,-8.5,2
06221400,0.714826752405444,S5,66.0,1,48.0,3,60.0,1,57.0,3,64.0,1,51.0,2
06224000,0.693901350936104,S5,47.0,1,30.0,3,53.0,1,52.0,3,50.0,1,41.5,2
06278300,0.732862235334757,S5,35.0,1,37.0,3,51.0,1,50.0,3,42.0,1,37.5,2
06280300,0.666773488915146,S5,40.0,1,38.0,3,51.0,1,51.0,3,67.0,1,42.5,2
06289000,0.583642806430044,S5,13.0,1,15.0,3,29.0,1,30.0,3,12.0,1,11.0,2
06291500,0.404772816694431,S4,12.5,1,10.5,3,31.0,1,14.0,3,4.5,1,4.75,2
06311000,0.57382796016244,S5,8.0,1,-1.0,3,23.0,1,17.0,3,6.0,1,5.5,2
06332515,0.173914615394175,S3,-1.0,1,-15.0,3,-2.0,1,0.0,3,9.0,1,-45.0,2
06339100,0.160349274004295,S3,17.0,1,-3.0,3,-2.0,1,-3.0,3,-13.0,1,-12.5,2
06344600,0.162624033289867,S3,23.0,1,0.0,3,-12.0,1,-13.0,3,-14.0,1,-10.5,2
06350000,0.164913327830338,S3,11.0,1,-31.0,3,-15.0,1,-6.0,3,7.0,1,-31.5,2
06352000,0.168403955596369,S3,11.0,1,-31.0,3,-2.0,1,-6.0,3,61.0,1,-41.0,2
06404000,0.191294358675479,S3,-8.0,1,-7.0,3,-5.0,1,-10.0,3,-10.0,1,-4.0,2
06406000,0.167832878351021,S3,-1.0,1,-4.0,3,-2.0,1,-3.0,3,-3.0,1,-22.5,2
06409000,0.343337176611808,S4,6.0,1,3.0,3,-8.0,1,-13.0,3,-2.0,1,1.5,2
06431500,0.36993144167527,S4,-3.0,1,-2.0,3,-6.0,1,3.0,3,3.0,1,-2.5,2
06440200,0.140805850137048,S2,-2.0,1,-7.0,3,-1.0,1,-3.0,3,0.0,1,-2.0,2
06447500,0.155649176414783,S3,2.0,1,-4.0,3,-7.0,1,-10.0,3,5.0,1,-12.5,2
06470800,0.14718946482151,S2,6.0,1,-9.0,3,-7.0,1,-14.0,3,10.0,1,-7.0,2
06477500,0.132381124658994,S2,1.0,1,-11.0,3,1.0,1,-1.0,3,0.0,1,-1.0,2
06479215,0.164751422321796,S3,19.0,1,-10.0,3,-3.0,1,-3.0,3,20.0,1,-2.0,2
06601000,0.105879368005318,S2,-2.0,1,-6.0,3,-9.0,1,-6.0,3,1.0,1,-1.5,2
06614800,0.760476738091987,S5,89.0,1,64.0,3,62.0,1,59.0,3,77.0,1,53.0,2
06622700,0.717691988588396,S5,45.0,1,43.0,3,58.0,1,51.0,3,44.0,1,40.5,2
06623800,0.753935609059572,S5,55.0,1,59.0,3,50.0,1,54.0,3,74.0,1,47.0,2
06632400,0.744511869620645,S5,41.0,1,39.0,3,38.0,1,40.0,3,52.0,1,40.0,2
06746095,0.728744289492069,S5,94.0,1,53.0,3,60.0,1,51.0,3,90.0,1,46.5,2
06803510,0.0940475934983777,S2,-4.0,1,0.0,3,-8.0,1,-2.0,3,-2.0,1,-4.0,2
06803530,0.0991958577666237,S2,-1.0,1,0.0,3,1.0,1,0.0,3,-2.0,1,-9.5,2
06814000,0.0902842088456011,S2,-2.0,1,-2.0,3,-1.0,1,2.0,3,-2.0,1,-1.0,2
06847900,0.102382584534704,S2,-7.0,1,-9.0,3,-1.0,1,0.0,3,51.0,1,17.0,2
06853800,0.104135741933305,S2,12.0,1,2.0,3,1.0,1,-2.0,3,4.0,1,-3.0,2
06876700,0.0796113854216262,S2,-3.0,1,0.0,3,5.0,1,3.0,3,-2.0,1,0.0,2
06878000,0.0727867121382812,S2,2.0,1,-1.0,3,1.0,1,3.0,3,0.0,1,-2.5,2
06879650,0.0672497335190048,S2,2.0,1,0.0,3,0.0,1,2.0,3,1.0,1,0.5,2
06885500,0.0842987262187572,S2,0.0,1,-9.0,3,-3.0,1,0.0,3,2.0,1,-4.0,2
06888500,0.0703719655848806,S2,0.0,1,-5.0,3,-1.0,1,1.0,3,13.0,1,0.0,2
06889200,0.0716152496141078,S2,-1.0,1,-2.0,3,-3.0,1,2.0,3,0.0,1,-1.0,2
06889500,0.069599735811632,S2,0.0,1,0.0,3,-1.0,1,0.0,3,0.0,1,0.5,2
06892000,0.0715178249456991,S2,-1.0,1,0.0,3,0.0,1,0.0,3,-2.0,1,-0.5,2
06903400,0.0979262678501136,S2,-1.0,1,0.0,3,-6.0,1,-3.0,3,-4.0,1,-0.5,2
06906800,0.0604504736826071,S2,-13.0,1,0.0,3,9.0,1,-1.0,3,0.0,1,-6.0,2
06910800,0.0613066358092003,S2,2.0,1,0.0,3,-21.0,1,-2.0,3,-14.0,1,-3.5,2
06911900,0.0618531603753962,S2,-2.0,1,0.0,3,-2.0,1,-1.0,3,-1.0,1,0.0,2
06917000,0.05107020470328,S2,0.0,1,0.0,3,0.0,1,0.0,3,0.0,1,-1.0,2
06918460,0.0498588468679264,S1,-5.0,1,-6.0,3,0.0,1,2.0,3,-1.0,1,-1.5,2
06919500,0.0494466083766876,S1,-2.0,1,0.0,3,1.0,1,0.0,3,-8.0,1,-4.5,2
06921070,0.0601238372834516,S2,-5.0,1,-2.0,3,-4.0,1,7.0,3,0.0,1,2.0,2
06921200,0.0572554270612204,S2,-1.0,1,-1.0,3,-11.0,1,1.0,3,0.0,1,-0.5,2
07057500,0.0564394367095807,S2,2.0,1,-1.0,3,3.0,1,3.0,3,-1.0,1,0.5,2
07060710,0.0509984831292569,S2,13.0,1,-2.0,3,8.0,1,0.0,3,5.0,1,0.0,2
07066000,0.0562313137196695,S2,0.0,1,1.0,3,1.0,1,1.0,3,0.0,1,2.5,2
07083000,0.710599947836907,S5,70.0,1,55.0,3,54.0,1,55.0,3,78.0,1,52.0,2
07142300,0.0867916780002227,S2,15.0,1,-20.0,3,-17.0,1,-1.0,3,14.0,1,-11.0,2
07145700,0.0617611519704068,S2,-1.0,1,0.0,3,0.0,1,1.0,3,-1.0,1,0.0,2
07167500,0.0520689190916616,S2,-2.0,1,0.0,3,0.0,1,0.0,3,1.0,1,0.0,2
07180500,0.0557846206828486,S2,-9.0,1,0.0,3,0.0,1,-2.0,3,1.0,1,-1.0,2
07184000,0.0453576175844397,S1,0.0,1,0.0,3,-3.0,1,0.0,3,0.0,1,-1.5,2
07195800,0.0482364215180522,S1,-2.0,1,-1.0,3,4.0,1,-1.0,3,2.0,1,-1.5,2
07196900,0.0460986315040519,S1,1.0,1,0.0,3,5.0,1,1.0,3,-3.0,1,0.5,2
07197000,0.0408010944755726,S1,2.0,1,0.0,3,1.0,1,3.0,3,1.0,1,-0.5,2
07208500,0.333134983679482,S4,5.0,1,6.0,3,15.0,1,24.0,3,63.0,1,-9.0,2
07261000,0.0378060990134872,S1,0.0,1,0.0,3,2.0,1,6.0,3,0.0,1,1.0,2
07263295,0.0310455107281904,S1,2.0,1,2.0,3,8.0,1,5.0,3,2.0,1,2.0,2
07299670,0.02913235345217,S1,-1.0,1,-22.0,3,0.0,1,0.0,3,6.0,1,-2.0,2
07301410,0.0754167591358171,S2,0.0,1,1.0,3,0.0,1,0.0,3,-1.0,1,-1.5,2
07315200,0.0162560388991893,S1,-16.0,1,1.0,3,5.0,1,0.0,3,-5.0,1,0.0,2
07315700,0.0208161228801737,S1,0.0,1,1.0,3,0.0,1,0.0,3,2.0,1,0.0,2
07335700,0.0430162960741129,S1,0.0,1,0.0,3,0.0,1,-4.0,3,-2.0,1,-6.0,2
07340300,0.0385678054509223,S1,1.0,1,-3.0,3,2.0,1,8.0,3,1.0,1,-0.5,2
07346045,0.0168897938562348,S1,0.0,1,0.0,3,1.0,1,0.0,3,0.0,1,0.5,2
08023080,0.0072046599774758,S1,0.0,1,0.0,3,2.0,1,0.0,3,0.0,1,-1.0,2
08050800,0.0196728968786143,S1,-2.0,1,-3.0,3,1.0,1,0.0,3,0.0,1,0.0,2
08066200,0.0023206818433828,S1,-2.0,1,0.0,3,1.0,1,0.0,3,0.0,1,0.0,2
08066300,0.0017530511421341,S1,-4.0,1,-1.0,3,2.0,1,-5.0,3,1.0,1,0.5,2
08070000,0.0023807368074233,S1,-2.0,1,1.0,3,1.0,1,1.0,3,0.0,1,0.0,2
08070200,0.0024550978464837,S1,-9.0,1,-1.0,3,-2.0,1,1.0,3,0.0,1,-0.5,2
08082700,0.0128021384845558,S1,7.0,1,-1.0,3,35.0,1,12.0,3,0.0,1,-8.0,2
08086212,0.0131862313964449,S1,-11.0,1,1.0,3,0.0,1,0.0,3,0.0,1,0.5,2
08086290,0.0128799846435909,S1,-16.0,1,0.0,3,0.0,1,0.0,3,0.0,1,1.0,2
08101000,0.0091795525039557,S1,0.0,1,0.0,3,1.0,1,0.0,3,0.0,1,0.0,2
08103900,0.0092842421517583,S1,1.0,1,-1.0,3,0.0,1,0.0,3,0.0,1,-0.5,2
08104900,0.0093596117977168,S1,0.0,1,-2.0,3,5.0,1,2.0,3,1.0,1,-1.0,2
08109700,0.0051361625387599,S1,-10.0,1,0.0,3,1.0,1,0.0,3,-1.0,1,0.0,2
08150800,0.0082340595135767,S1,-1.0,1,-3.0,3,0.0,1,0.0,3,1.0,1,-5.5,2
08158700,0.0064753537654614,S1,-9.0,1,0.0,3,1.5,1,1.0,3,4.5,1,-3.25,2
08158810,0.0058462589398929,S1,2.0,1,-1.0,3,0.0,1,5.0,3,-5.0,1,3.5,2
08164300,0.0021354784821483,S1,-4.0,1,0.0,3,10.0,1,1.0,3,0.0,1,-1.5,2
08164600,0.0008978831137086,S1,0.0,1,0.0,3,0.0,1,0.0,3,0.0,1,0.0,2
08165300,0.0056160383836324,S1,4.0,1,-1.0,3,0.0,1,-1.0,3,-42.0,1,-0.5,2
08171300,0.0043200262623378,S1,0.0,1,0.0,3,2.0,1,1.0,3,2.0,1,0.0,2
08175000,0.0022293177664445,S1,1.0,1,-2.0,3,0.0,1,1.0,3,0.0,1,0.5,2
08176900,0.0018005933498891,S1,-9.0,1,0.0,3,0.0,1,0.0,3,-6.0,1,0.0,2
08178880,0.0030449353276083,S1,6.0,1,4.0,3,1.0,1,0.0,3,12.0,1,9.5,2
08189500,0.0016287321026845,S1,0.0,1,0.0,3,0.0,1,0.0,3,0.0,1,0.0,2
08190000,0.0037075564040486,S1,2.0,1,-1.0,3,1.0,1,-1.0,3,0.0,1,1.5,2
08190500,0.0044907633248583,S1,0.0,1,-1.0,3,0.0,1,0.0,3,0.0,1,10.0,2
08194200,0.0005535601264272,S1,-58.0,1,0.0,3,0.0,1,0.0,3,-3.0,1,-21.0,2
08195000,0.0043576302166992,S1,-7.0,1,-1.0,3,0.0,1,7.0,3,1.0,1,5.0,2
08196000,0.0023896281867178,S1,2.0,1,-1.0,3,1.0,1,0.0,3,0.0,1,8.0,2
08198500,0.0030982528891208,S1,0.0,1,0.0,3,0.0,1,0.0,3,-1.0,1,0.0,2
08200000,0.0026284470487446,S1,0.0,1,1.0,3,0.0,1,0.0,3,2.0,1,0.0,2
08202700,0.002762016493395,S1,0.0,1,-7.0,3,0.0,1,-0.5,3,0.0,1,0.0,2
08267500,0.471388008193727,S4,36.0,1,35.0,3,48.0,1,34.0,3,23.0,1,37.5,2
08269000,0.401645682298287,S4,25.0,1,23.0,3,44.0,1,29.0,3,44.0,1,22.5,2
08271000,0.48400245009705,S4,33.0,1,29.0,3,41.0,1,46.0,3,17.0,1,22.5,2
08324000,0.365429081915842,S4,15.0,1,20.0,3,17.0,1,13.0,3,9.0,1,32.0,2
08377900,0.466213354634129,S4,42.0,1,39.0,3,66.0,1,51.0,3,34.0,1,32.5,2
08378500,0.449989328985624,S4,40.0,1,39.0,3,66.0,1,49.0,3,38.0,1,30.5,2
08380500,0.291104431145414,S3,22.0,1,34.0,3,51.0,1,22.0,3,-13.0,1,21.0,2
09035800,0.703715181667891,S5,59.0,1,55.0,3,58.0,1,63.0,3,48.0,1,48.5,2
09035900,0.689823885415144,S5,51.0,1,47.0,3,52.0,1,48.0,3,47.0,1,46.5,2
09047700,0.626945100722261,S5,29.0,1,31.0,3,31.0,1,33.0,3,31.0,1,30.0,2
09065500,0.715530725661926,S5,60.0,1,52.0,3,52.0,1,50.0,3,67.0,1,48.5,2
09066000,0.682272756610747,S5,45.0,1,45.0,3,62.0,1,40.0,3,57.0,1,39.5,2
09066200,0.712216418137875,S5,62.0,1,48.0,3,45.0,1,44.0,3,65.0,1,44.5,2
09066300,0.688317497264152,S5,47.0,1,42.0,3,56.0,1,50.0,3,47.0,1,40.0,2
09081600,0.66474212387336,S5,64.0,1,64.0,3,49.0,1,48.0,3,70.0,1,53.5,2
09107000,0.672583021372504,S5,45.0,1,40.0,3,42.0,1,40.0,3,39.0,1,37.0,2
09210500,0.65472507476901,S5,19.0,1,18.0,3,19.0,1,23.0,3,6.0,1,8.5,2
09223000,0.698323179997837,S5,37.0,1,32.0,3,36.0,1,34.0,3,33.0,1,28.0,2
09306242,0.35800746386243,S4,24.0,1,25.0,3,12.0,1,1.0,3,0.0,1,-14.0,2
09312600,0.604725963590861,S5,2.0,1,18.0,3,19.0,1,17.0,3,11.0,1,16.5,2
09352900,0.633893898746821,S5,71.0,1,65.0,3,52.0,1,58.0,3,70.0,1,54.0,2
09378170,0.504005221672301,S5,15.0,1,25.0,3,23.0,1,29.0,3,42.0,1,26.5,2
09386900,0.307507544080434,S4,16.0,1,13.0,3,21.0,1,17.0,3,142.0,1,26.0,2
09404450,0.423599939585063,S4,-10.0,1,-24.0,3,-6.0,1,1.0,3,-5.0,1,-10.0,2
09430600,0.21287165392999,S3,-4.0,1,-3.0,3,4.0,1,16.0,3,3.0,1,-3.0,2
09447800,0.0394826699276366,S1,23.0,1,-1.0,3,2.0,1,1.0,3,-9.0,1,0.0,2
09484600,0.0101482581857307,S1,-2.0,1,29.0,3,0.0,1,2.0,3,110.0,1,-2.0,2
09492400,0.271766261706385,S3,34.0,1,30.0,3,29.0,1,17.0,3,44.0,1,18.5,2
09494000,0.235554110470522,S3,17.0,1,14.0,3,21.0,1,11.0,3,36.0,1,26.0,2
09497980,0.0796650506390503,S2,9.0,1,-2.0,3,-1.0,1,0.0,3,-2.0,1,6.0,2
09505350,0.198936492502152,S3,8.0,1,6.0,3,19.0,1,4.0,3,15.0,1,6.0,2
09505800,0.284069099376475,S3,15.0,1,7.0,3,6.0,1,3.0,3,14.0,1,14.0,2
09508300,0.0401188085303456,S1,15.0,1,0.0,3,0.0,1,1.0,3,3.0,1,1.0,2
09510200,0.0061243701078094,S1,4.0,1,0.0,3,0.0,1,-6.0,3,1.0,1,0.5,2
09512280,0.0046420695661842,S1,0.0,1,1.0,3,0.0,1,0.0,3,0.0,1,0.0,2
09513780,0.0042560892003911,S1,0.0,1,0.0,3,-2.0,1,0.0,3,0.0,1,0.0,2
10234500,0.632069679226265,S5,21.0,1,26.0,3,31.0,1,31.0,3,22.0,1,22.0,2
10244950,0.656356436998628,S5,-12.0,1,-2.0,3,12.0,1,7.0,3,-24.0,1,9.0,2
10336645,0.665304872565722,S5,42.0,1,37.0,3,56.0,1,30.0,3,37.0,1,24.5,2
10336660,0.668727842270536,S5,49.0,1,40.0,3,63.0,1,56.0,3,48.0,1,31.0,2
10343500,0.714981248450698,S5,18.0,1,21.0,3,21.0,1,14.0,3,15.0,1,20.0,2
12010000,0.0236362361738051,S1,1.0,1,1.0,3,1.0,1,0.0,3,0.0,1,0.0,2
12013500,0.0174156764185481,S1,0.0,1,0.0,3,0.0,1,1.0,3,1.0,1,0.0,2
12020000,0.043553396693619,S1,1.0,1,2.0,3,2.0,1,2.0,3,1.0,1,1.5,2
12025700,0.0905767573548292,S2,7.0,1,6.0,3,4.0,1,2.0,3,4.0,1,3.5,2
12035000,0.0220218880896681,S1,0.0,1,0.0,3,1.0,1,1.0,3,0.0,1,1.0,2
12040500,0.0670917839751389,S2,3.0,1,5.0,3,3.0,1,0.0,3,2.0,1,3.5,2
12041200,0.179574104744132,S3,11.0,1,-5.0,3,11.0,1,1.0,3,11.0,1,3.0,2
12048000,0.498197653251076,S4,42.0,1,21.0,3,-14.0,1,-46.0,3,73.0,1,24.0,2
12054000,0.379149578248129,S4,6.0,1,10.0,3,13.0,1,8.0,3,9.0,1,0.5,2
12056500,0.338574932035289,S4,16.0,1,7.0,3,9.0,1,2.0,3,10.0,1,5.5,2
12073500,0.0156016658711511,S1,1.0,1,0.0,3,2.0,1,0.0,3,-1.0,1,1.0,2
12082500,0.39878651405721,S4,30.0,1,32.0,3,19.0,1,55.0,3,24.0,1,30.5,2
12092000,0.513670726431351,S5,21.0,1,24.0,3,65.0,1,66.0,3,19.0,1,18.0,2
12114500,0.40651703888364,S4,48.0,1,49.0,3,58.0,1,49.0,3,48.0,1,48.5,2
12115000,0.338944352402744,S4,45.0,1,40.0,3,53.0,1,41.0,3,45.0,1,41.0,2
12117000,0.12519943348901,S2,4.0,1,6.0,3,8.0,1,9.0,3,4.0,1,5.5,2
12143600,0.311622046373118,S4,42.0,1,42.0,3,53.0,1,43.0,3,42.0,1,40.0,2
12144000,0.220551545924003,S3,27.0,1,26.0,3,28.0,1,30.0,3,24.0,1,26.5,2
12145500,0.0448546378807159,S1,1.0,1,2.0,3,1.0,1,2.0,3,2.0,1,1.0,2
12147500,0.159041201436992,S3,7.0,1,24.0,3,13.0,1,19.0,3,10.0,1,11.5,2
12167000,0.131187744738816,S2,5.0,1,17.0,3,14.0,1,16.0,3,6.0,1,15.5,2
12175500,0.690360443229126,S5,93.0,1,101.0,3,144.0,1,119.0,3,89.0,1,104.5,2
12178100,0.52956688772688,S5,62.0,1,63.0,3,85.0,1,84.0,3,53.0,1,59.5,2
12186000,0.435652191884185,S4,65.0,1,61.0,3,92.0,1,58.0,3,56.0,1,58.0,2
12189500,0.457875714546575,S4,36.0,1,42.0,3,61.0,1,60.0,3,40.0,1,46.0,2
12375900,0.606515526539202,S5,79.0,1,55.0,3,78.0,1,43.0,3,79.0,1,40.0,2
12377150,0.719886653780668,S5,114.0,1,104.0,3,95.0,1,58.0,3,122.0,1,56.5,2
12381400,0.594005153419735,S5,48.0,1,40.0,3,49.0,1,46.0,3,74.0,1,40.0,2
12383500,0.612621722100952,S5,54.0,1,40.0,3,52.0,1,51.0,3,44.0,1,32.5,2
12390700,0.519487009712609,S5,38.0,1,42.0,3,30.0,1,35.0,3,28.0,1,32.5,2
12411000,0.464485512558355,S4,42.0,1,44.0,3,49.0,1,53.0,3,38.0,1,40.0,2
12447390,0.777311497508566,S5,101.0,1,73.0,3,47.0,1,41.0,3,105.0,1,51.5,2
12451000,0.716767081202258,S5,79.0,1,88.0,3,54.0,1,59.0,3,130.0,1,92.5,2
12488500,0.641918995401996,S5,59.0,1,58.0,3,40.0,1,45.0,3,53.0,1,46.0,2
13011500,0.658713268212353,S5,47.0,1,46.0,3,64.0,1,49.0,3,67.0,1,44.5,2
13011900,0.704607069419076,S5,51.0,1,53.0,3,47.0,1,53.0,3,44.0,1,48.5,2
13018300,0.65711853695655,S5,48.0,1,45.0,3,48.0,1,48.0,3,42.0,1,43.5,2
13023000,0.646858624758436,S5,44.0,1,48.0,3,64.0,1,50.0,3,41.0,1,39.5,2
13161500,0.518679342368851,S5,3.0,1,11.0,3,6.0,1,16.0,3,3.0,1,12.0,2
13235000,0.677895075896552,S5,42.0,1,51.0,3,38.0,1,57.0,3,30.0,1,41.0,2
13240000,0.726533471798391,S5,50.0,1,58.0,3,41.0,1,44.0,3,94.0,1,49.0,2
13313000,0.744536050209931,S5,45.0,1,47.0,3,46.0,1,50.0,3,30.0,1,31.5,2
13331500,0.55788094452843,S5,41.0,1,48.0,3,49.0,1,50.0,3,35.0,1,38.0,2
14020000,0.355358222004398,S4,19.0,1,28.0,3,13.0,1,20.0,3,17.0,1,21.5,2
14096850,0.244750228496234,S3,8.0,1,1.0,3,10.0,1,-7.0,3,-4.0,1,3.0,2
14137000,0.324496374801996,S4,14.0,1,7.0,3,12.0,1,4.0,3,13.0,1,1.5,2
14138800,0.317266212149897,S4,15.0,1,5.0,3,21.0,1,16.0,3,12.0,1,10.5,2
14138870,0.229049355466927,S3,10.0,1,2.0,3,4.0,1,1.0,3,8.0,1,5.5,2
14138900,0.221358389006793,S3,10.0,1,6.0,3,13.0,1,2.0,3,9.0,1,8.5,2
14139800,0.183197955663698,S3,6.0,1,6.0,3,4.0,1,12.0,3,7.0,1,7.0,2
14141500,0.142882264769743,S2,12.0,1,6.0,3,9.0,1,11.0,3,3.0,1,2.0,2
14154500,0.135550710091939,S2,8.0,1,4.0,3,1.0,1,5.0,3,3.0,1,-0.5,2
14158790,0.365056630377127,S4,26.0,1,26.0,3,28.0,1,24.0,3,27.0,1,25.0,2
14166500,0.0106763012784076,S1,2.0,1,-1.0,3,-5.0,1,-1.0,3,-2.0,1,1.5,2
14182500,0.146759311242181,S2,7.0,1,9.0,3,14.0,1,9.0,3,7.0,1,3.5,2
14185000,0.178107252284554,S3,12.0,1,16.0,3,10.0,1,11.0,3,9.0,1,6.0,2
14185900,0.187297518505713,S3,15.0,1,14.0,3,15.0,1,8.0,3,16.0,1,6.0,2
14187000,0.0895194173938424,S2,10.0,1,8.0,3,7.0,1,6.0,3,3.0,1,2.0,2
14216500,0.295816183757834,S3,26.0,1,26.0,3,26.0,1,25.0,3,23.0,1,22.5,2
14222500,0.0900274241194852,S2,3.0,1,4.0,3,6.0,1,5.0,3,3.0,1,4.0,2
14236200,0.11471395531314,S2,7.0,1,9.0,3,13.0,1,8.0,3,3.0,1,4.0,2
14301000,0.0324798903206775,S1,1.0,1,0.0,3,-1.0,1,-2.0,3,0.0,1,-1.5,2
14303200,0.088754104072909,S2,2.0,1,0.0,3,0.0,1,0.0,3,3.0,1,1.0,2
14305500,0.0257414277847911,S1,3.0,1,5.0,3,0.0,1,1.0,3,1.0,1,0.5,2
14306340,0.0693804146431187,S2,3.0,1,0.0,3,-8.0,1,0.0,3,-1.0,1,1.0,2
14306500,0.0202982706122534,S1,2.0,1,-1.0,3,0.0,1,0.0,3,1.0,1,0.5,2
14308990,0.135825515539971,S2,-7.0,1,-2.0,3,5.0,1,2.0,3,5.0,1,0.0,2
14309500,0.0612553691709827,S2,1.0,1,4.0,3,3.0,1,1.0,3,5.0,1,1.5,2
14316700,0.176336580742005,S3,4.0,1,3.0,3,9.0,1,4.0,3,5.0,1,1.0,2
14325000,0.0302033920558714,S1,3.0,1,0.0,3,-2.0,1,-1.0,3,-3.0,1,-1.5,2
14362250,0.141500009350329,S2,-1.0,1,0.0,3,-1.0,1,-1.0,3,-1.0,1,1.0,2
14400000,0.0243303906906382,S1,-1.0,1,0.0,3,0.0,1,0.0,3,0.0,1,0.0,2
10259000,0.0335249004621377,S1,-1.0,1,-5.0,3,0.0,1,2.0,3,3.0,1,0.5,2
11124500,0.0230381055615776,S1,-2.0,1,0.0,3,-3.0,1,0.0,3,-3.0,1,0.0,2
11141280,0.0007877803924076,S1,-3.0,1,1.0,3,0.0,1,0.0,3,-4.0,1,-0.5,2
11143000,0.0254379399486261,S1,0.0,1,1.0,3,1.0,1,0.0,3,-2.0,1,-1.0,2
11148900,0.003526794606684,S1,3.0,1,0.0,3,-1.0,1,0.0,3,4.0,1,0.5,2
11151300,0.0038403901400884,S1,4.0,1,-3.0,3,0.0,1,1.0,3,2.0,1,-1.5,2
11176400,0.016307003804813,S1,0.0,1,0.0,3,1.0,1,0.0,3,0.0,1,-1.0,2
11230500,0.902963679881608,S5,69.0,1,55.0,3,75.0,1,68.0,3,70.0,1,43.5,2
11237500,0.749856960685691,S5,39.0,1,38.0,3,27.0,1,26.0,3,37.0,1,25.0,2
11264500,0.90632692590849,S5,50.0,1,49.0,3,48.0,1,61.0,3,38.0,1,40.5,2
11266500,0.885217452223562,S5,44.0,1,46.0,3,45.0,1,57.0,3,33.0,1,37.0,2
11284400,0.0365047230850116,S1,5.0,1,0.0,3,-1.0,1,1.0,3,0.0,1,0.0,2
11381500,0.165026130486202,S3,-3.0,1,0.0,3,-1.0,1,8.0,3,6.0,1,3.0,2
11451100,0.123536359034925,S2,1.0,1,1.0,3,1.0,1,0.0,3,1.0,1,1.0,2
11468500,0.000524205133848,S1,-4.0,1,0.0,3,0.0,1,-1.0,3,-1.0,1,0.0,2
11473900,0.262478357358648,S3,6.0,1,-10.0,3,9.0,1,-19.0,3,2.0,1,-3.0,2
11475560,0.138629337971597,S2,1.0,1,1.0,3,2.0,1,0.0,3,5.0,1,1.0,2
11476600,0.0120106292964887,S1,0.0,1,0.0,3,0.0,1,-2.0,3,-1.0,1,1.0,2
11478500,0.157314421019928,S3,6.0,1,2.0,3,0.0,1,1.0,3,4.0,1,-0.5,2
11480390,0.299512506046178,S3,1.0,1,-6.0,3,1.0,1,-6.0,3,1.0,1,-5.0,2
11481200,0.0016368255310898,S1,0.0,1,-2.0,3,0.0,1,-2.0,3,0.0,1,-0.5,2
11482500,0.0131812044990649,S1,0.0,1,-1.0,3,0.0,1,-1.0,3,1.0,1,0.5,2
11522500,0.249129777057898,S3,19.0,1,13.0,3,12.0,1,-6.0,3,13.0,1,10.5,2
11523200,0.431707151976883,S4,29.0,1,23.0,3,29.0,1,20.0,3,39.0,1,32.0,2
11528700,0.271305322327506,S3,-2.0,1,-5.0,3,2.0,1,-12.0,3,0.0,1,-2.0,2
11532500,0.0485353765496996,S1,0.0,1,1.0,3,-1.0,1,-2.0,3,0.0,1,2.0,2
