basin_id,paradigm,regime,contrast,D_rms,D_euclidean,frac_snow,snow_stratum
01022500,IC,IC,Base-CN,0.36319690702266971,1.4066555722928433,0.24525900924827099,S3
01031500,IC,IC,Base-CN,0.34249873426726185,1.3264918939142247,0.29183647300195797,S3
01047000,IC,IC,Base-CN,0.28635074741596916,1.109031675916095,0.28011812694073601,S3
01052500,IC,IC,Base-CN,0.60019920728024301,2.3245615342032746,0.35269825404932598,S4
01054200,IC,IC,Base-CN,0.16994950044937784,0.65821158493671028,0.29964153966287899,S3
01055000,IC,IC,Base-CN,0.5663871931840111,2.1936081667068379,0.30604885169486701,S4
01057000,IC,IC,Base-CN,0.39569238144336644,1.5325100035513111,0.25115767276909801,S3
01073000,IC,IC,Base-CN,0.32185438557939139,1.2465366752528035,0.17503243505173999,S3
01078000,IC,IC,Base-CN,0.41369783937290644,1.6022448422532576,0.23971852199071,S3
01123000,IC,IC,Base-CN,0.31955118377573122,1.2376164130242726,0.136053399026134,S2
01134500,IC,IC,Base-CN,0.31291119449975136,1.2118998451394067,0.28058208922815098,S3
01137500,IC,IC,Base-CN,0.51131151426454158,1.9803009794706654,0.301814975818189,S4
01139000,IC,IC,Base-CN,0.39974360478058524,1.5482003240681261,0.246562671549799,S3
01139800,IC,IC,Base-CN,0.49391971308291283,1.9129428231336669,0.26232897318020998,S3
01142500,IC,IC,Base-CN,0.54503658410072664,2.1109176132958924,0.25230789054282099,S3
01144000,IC,IC,Base-CN,0.4224111228240327,1.6359912439502544,0.248466348504845,S3
01162500,IC,IC,Base-CN,0.29016927775877166,1.1238207803407569,0.22676918468004301,S3
01169000,IC,IC,Base-CN,0.46040403943824576,1.7831371772709486,0.23897260589607899,S3
01170100,IC,IC,Base-CN,0.47798140396251476,1.8512140173436595,0.23465373540593401,S3
01181000,IC,IC,Base-CN,0.34085840557692393,1.3201389282142397,0.21756304104059199,S3
01187300,IC,IC,Base-CN,0.47049229206998777,1.8222088117060187,0.20126933569514599,S3
01195100,IC,IC,Base-CN,0.2605074649616746,1.0089410733592779,0.10604289209171699,S2
01333000,IC,IC,Base-CN,0.33512235339652868,1.2979232936465921,0.22224496801649801,S3
01350000,IC,IC,Base-CN,0.41810999965052359,1.6193330655292668,0.231159657658639,S3
01350080,IC,IC,Base-CN,0.43438503379684806,1.6823660017369384,0.221156578322867,S3
01350140,IC,IC,Base-CN,0.37144337691567614,1.4385940128534582,0.21985902668281099,S3
01365000,IC,IC,Base-CN,0.29407547948791163,1.1389494345846427,0.20227021109368101,S3
01411300,IC,IC,Base-CN,0.27496238857246891,1.0649247517745846,0.048094855035164599,S1
01413500,IC,IC,Base-CN,0.35611104459982329,1.3792121451356423,0.216908033968228,S3
01414500,IC,IC,Base-CN,0.26980343213271452,1.0449441993996063,0.216628505016047,S3
01415000,IC,IC,Base-CN,0.32700414960864654,1.2664816255750067,0.213452184948768,S3
01423000,IC,IC,Base-CN,0.54880147377686028,2.1254989683118661,0.217830297712483,S3
01434025,IC,IC,Base-CN,0.53285007090736192,2.0637194506496539,0.23781373120697999,S3
01435000,IC,IC,Base-CN,0.47816650304853614,1.8519309030212185,0.223616269388589,S3
01439500,IC,IC,Base-CN,0.37859058550316049,1.4662750326846556,0.163765228832016,S3
01440000,IC,IC,Base-CN,0.25079799940991854,0.97133647497675213,0.147767408338048,S2
01440400,IC,IC,Base-CN,0.38688479874701837,1.49839838244801,0.17222337109288199,S3
01451800,IC,IC,Base-CN,0.32839258449753783,1.2718590107769761,0.12836266599142701,S2
01466500,IC,IC,Base-CN,0.27284347433726674,1.0567182322296049,0.062661769761676103,S2
01484100,IC,IC,Base-CN,0.34085128556993533,1.3201113525457477,0.042571686471381001,S1
01487000,IC,IC,Base-CN,0.20349790688593666,0.78814400435730025,0.042468989425902597,S1
01491000,IC,IC,Base-CN,0.28711744038235387,1.1120010650065575,0.050025721123379399,S2
01510000,IC,IC,Base-CN,0.39408744180925409,1.5262940990767255,0.23705740062296199,S3
01516500,IC,IC,Base-CN,0.35945176173404797,1.3921506869608844,0.199238597784613,S3
01518862,IC,IC,Base-CN,0.27724030632732011,1.0737470893031535,0.20111134491157401,S3
01532000,IC,IC,Base-CN,0.47427811672580078,1.8368712475496438,0.17674126662110801,S3
01539000,IC,IC,Base-CN,0.31004558024539891,1.2008013688556451,0.156285913306627,S3
01542810,IC,IC,Base-CN,0.20671280286594945,0.80059524294767903,0.189716485804691,S3
01543000,IC,IC,Base-CN,0.46027390482627928,1.7826331680860372,0.18805657708399501,S3
01543500,IC,IC,Base-CN,0.26969536733357463,1.0445256662322262,0.18165361094167101,S3
01544500,IC,IC,Base-CN,0.3514956126454386,1.3613366540407568,0.20336289315931999,S3
01545600,IC,IC,Base-CN,0.34100662798814552,1.3207129911444355,0.192645540908709,S3
01547700,IC,IC,Base-CN,0.2577693652095901,0.99833645861920006,0.15617299826603501,S3
01548500,IC,IC,Base-CN,0.34202608769233772,1.3246613416009014,0.20208863048231901,S3
01549500,IC,IC,Base-CN,0.34092070809799274,1.3203802248407659,0.186519052942025,S3
01550000,IC,IC,Base-CN,0.47372758977933199,1.8347390658543317,0.17982551285457399,S3
01552000,IC,IC,Base-CN,0.3357516450087451,1.3003605295806144,0.17305912288721001,S3
01552500,IC,IC,Base-CN,0.37374329537155154,1.4475015587306987,0.18516970797955501,S3
01557500,IC,IC,Base-CN,0.40871025010839612,1.5829279920940862,0.15867182381750999,S3
01567500,IC,IC,Base-CN,0.35241730748686667,1.3649063628118931,0.12603606593838301,S2
01568000,IC,IC,Base-CN,0.4458595400999445,1.7268065735547828,0.12851085803135801,S2
01580000,IC,IC,Base-CN,0.2607763245712586,1.0099823621496646,0.081688092395438602,S2
01583500,IC,IC,Base-CN,0.37952375237499286,1.4698891724384948,0.080728649763762497,S2
01586610,IC,IC,Base-CN,0.29362555193561113,1.1372068726675828,0.088413478566146994,S2
01591400,IC,IC,Base-CN,0.19173524228668534,0.74258740025737646,0.083876422731703204,S2
01594950,IC,IC,Base-CN,0.26069210113900332,1.0096561661991794,0.18921429733490799,S3
01596500,IC,IC,Base-CN,0.22864308849189649,0.88553087395454377,0.188402157557544,S3
01605500,IC,IC,Base-CN,0.21929573091140361,0.84932871371424923,0.137136101417764,S2
01606500,IC,IC,Base-CN,0.083217430106184959,0.32229972091543407,0.14875051892129501,S2
01632000,IC,IC,Base-CN,0.35114156452439982,1.3599654315642178,0.110024870103334,S2
01632900,IC,IC,Base-CN,0.3777667711528,1.4630844134253427,0.098076329237385504,S2
01634500,IC,IC,Base-CN,0.48334849787573986,1.8720006826871116,0.114828393813144,S2
01638480,IC,IC,Base-CN,0.4534010196749037,1.7560145983543634,0.084558382348827899,S2
01639500,IC,IC,Base-CN,0.19512525724337226,0.75571687172801894,0.096126350142111294,S2
01644000,IC,IC,Base-CN,0.43211805118379482,1.6735860158304414,0.084351798741143999,S2
01664000,IC,IC,Base-CN,0.21260734570009365,0.82342470917782573,0.082796425784603694,S2
01666500,IC,IC,Base-CN,0.41662744541094232,1.6135911576495192,0.082255397803329494,S2
01667500,IC,IC,Base-CN,0.36584981700295721,1.4169302484654844,0.078811793477170905,S2
01669000,IC,IC,Base-CN,0.11371360586275235,0.4404109017436339,0.041205983243048597,S1
01669520,IC,IC,Base-CN,0.24293904640451053,0.94089888086818008,0.0368199149910729,S1
02011400,IC,IC,Base-CN,0.1838040220117487,0.71186991621744422,0.129154721501962,S2
02013000,IC,IC,Base-CN,0.39272468845270075,1.5210161780218063,0.097914337240757404,S2
02014000,IC,IC,Base-CN,0.27588407417358585,1.0684944247581498,0.097868084176085807,S2
02015700,IC,IC,Base-CN,0.35148004504534258,1.3612763609848446,0.12856724871879599,S2
02016000,IC,IC,Base-CN,0.40879336434170649,1.5832498921355302,0.10207736342912301,S2
02017500,IC,IC,Base-CN,0.28262622997760112,1.0946066819046365,0.090184526556801398,S2
02018000,IC,IC,Base-CN,0.56560005836875393,2.190559606676127,0.084968614429657099,S2
02027000,IC,IC,Base-CN,0.31181262892350964,1.2076451189579058,0.090473222381479299,S2
02027500,IC,IC,Base-CN,0.17784333692336804,0.68878428213815901,0.10078601830768701,S2
02028500,IC,IC,Base-CN,0.32970083054676175,1.2769258259383618,0.080256957904830104,S2
02038850,IC,IC,Base-CN,0.12007363869940436,0.46504320300131952,0.065522597851002701,S2
02046000,IC,IC,Base-CN,0.29376456562212716,1.1377452703603543,0.045372826808436698,S1
02051500,IC,IC,Base-CN,0.37268377220488574,1.4433980431512812,0.052551496570471097,S2
02053200,IC,IC,Base-CN,0.026237595779559749,0.10161777149875691,0.024831683184578401,S1
02053800,IC,IC,Base-CN,0.28213979270304712,1.0927227184413144,0.093817255030013605,S2
02055100,IC,IC,Base-CN,0.28084003730570767,1.0876887874332755,0.062211991887398198,S2
02056900,IC,IC,Base-CN,0.081874923573134931,0.31710021547075667,0.064605937280813694,S2
02059500,IC,IC,Base-CN,0.39881164761034743,1.5445908694684165,0.052938916295318099,S2
02064000,IC,IC,Base-CN,0.40225057302122769,1.5579097703136053,0.060601169259616297,S2
02065500,IC,IC,Base-CN,0.23681797800995152,0.91719208491505644,0.061713997073264901,S2
02069700,IC,IC,Base-CN,0.43150586896201404,1.6712150442806404,0.053395158761216803,S2
02070000,IC,IC,Base-CN,0.33898730547771438,1.3128921886909142,0.0508621647943431,S2
02074500,IC,IC,Base-CN,0.48221124221161804,1.8675961104395877,0.052469020841380901,S2
02077200,IC,IC,Base-CN,0.43880679542193934,1.699491410871816,0.0489889008542847,S1
02081500,IC,IC,Base-CN,0.61658341249507209,2.3880172881411523,0.043624771397296799,S1
02082950,IC,IC,Base-CN,0.26303422037232743,1.0187271549846759,0.0329927432325966,S1
02092500,IC,IC,Base-CN,0.18552436199473926,0.71853276432138136,0.0120832517590196,S1
02096846,IC,IC,Base-CN,0.40503788208273023,1.5687049718895376,0.039252545203284903,S1
02102908,IC,IC,Base-CN,0.42069657825483531,1.6293508413874225,0.0235111757954398,S1
02108000,IC,IC,Base-CN,0.38640314909631962,1.4965329613721474,0.0092819261110396005,S1
02111180,IC,IC,Base-CN,0.081478155386301293,0.31556353889084504,0.0460568781002514,S1
02111500,IC,IC,Base-CN,0.40148611836659132,1.5549490501672678,0.052369251671881403,S2
02112120,IC,IC,Base-CN,0.46087392195852073,1.7849570244466475,0.052404975160738797,S2
02112360,IC,IC,Base-CN,0.2982880098663187,1.1552644945856059,0.053113627447001398,S2
02118500,IC,IC,Base-CN,0.42892718655033973,1.6612278502450677,0.041370835021144102,S1
02125000,IC,IC,Base-CN,0.34536686146730994,1.3376001027948154,0.024791233169001101,S1
02128000,IC,IC,Base-CN,0.38987257867238001,1.5099700043410687,0.025670443380134599,S1
02137727,IC,IC,Base-CN,0.18586419186346614,0.7198489197435044,0.040531531076179503,S1
02140991,IC,IC,Base-CN,0.31102565818175543,1.2045971943811393,0.042038466834978201,S1
02143000,IC,IC,Base-CN,0.084872739135489317,0.32871070521875656,0.031326215681695198,S1
02143040,IC,IC,Base-CN,0.086175991830130222,0.33375818120100076,0.034561069845200097,S1
02149000,IC,IC,Base-CN,0.19824079573348927,0.76778330041471032,0.029590457635321001,S1
02152100,IC,IC,Base-CN,0.26461468571651714,1.0248482709419804,0.030080746914399902,S1
02177000,IC,IC,Base-CN,0.16161488399168009,0.6259317541990207,0.026739557459190599,S1
02178400,IC,IC,Base-CN,0.28441371860670767,1.1015295955967013,0.033836252850455002,S1
02193340,IC,IC,Base-CN,0.35276085061917734,1.3662368996420362,0.012744882834630499,S1
02196000,IC,IC,Base-CN,0.19086954112752261,0.73923455408514671,0.014697822503636999,S1
02198100,IC,IC,Base-CN,0.26853066505508588,1.0400147937043496,0.0030935926215691998,S1
02202600,IC,IC,Base-CN,0.28469955428215848,1.1026366324074743,0.00045680489760400002,S1
02212600,IC,IC,Base-CN,0.10060172960796779,0.38962882337132082,0.0090237999831922003,S1
02215100,IC,IC,Base-CN,0.35883601880895161,1.3897659248664409,0.0010333057458655,S1
02216180,IC,IC,Base-CN,0.20211835715460205,0.78280103122257638,0.000534865436369,S1
02221525,IC,IC,Base-CN,0.19062079957065101,0.73827118217787324,0.0095385192188569001,S1
02231000,IC,IC,Base-CN,0.11898660536728503,0.46083314100924899,0.00023591806539820001,S1
02245500,IC,IC,Base-CN,0.10484317230734566,0.40605586030990437,0.00043662854245879999,S1
02246000,IC,IC,Base-CN,0.38356209918223122,1.485529622369139,0.00033269222309739998,S1
02296500,IC,IC,Base-CN,0.19262535554835877,0.74603479409607598,0,S1
02297155,IC,IC,Base-CN,0.39260192379806791,1.5205407125589103,0,S1
02297310,IC,IC,Base-CN,0.36769542138417743,1.4240782434976378,0,S1
02298123,IC,IC,Base-CN,0.38271633726127624,1.482254000534424,0,S1
02298608,IC,IC,Base-CN,0.46406764337512901,1.7973262543055974,0,S1
02299950,IC,IC,Base-CN,0.17033251610839545,0.6596949982054221,0,S1
02300700,IC,IC,Base-CN,0.14819832790053425,0.57396965589455518,0,S1
02342933,IC,IC,Base-CN,0.32289208872273517,1.250555682245281,0.0027962712555371998,S1
02349900,IC,IC,Base-CN,0.24402899862129368,0.94512024765194302,0.0010817469729247999,S1
02350900,IC,IC,Base-CN,0.33013993624605603,1.2786264749989533,0.001767717746493,S1
02361000,IC,IC,Base-CN,0.15777145618075109,0.61104622229494221,0.0015124422847458,S1
02363000,IC,IC,Base-CN,0.31641823526695328,1.2254825556252504,0.0026556564479945999,S1
02369800,IC,IC,Base-CN,0.07976242634234304,0.30891854887699033,0.0008723526438152,S1
02371500,IC,IC,Base-CN,0.24494698089891564,0.94867557772528655,0.0040171402581935002,S1
02372250,IC,IC,Base-CN,0.00037124120355877787,0.0014378109988091444,0.0034759991435445998,S1
02374500,IC,IC,Base-CN,0.0722567144297874,0.27984905163823176,0.0030425564536236999,S1
02381600,IC,IC,Base-CN,0.30133840607426743,1.1670786282983256,0.016637786516778299,S1
02384540,IC,IC,Base-CN,0.32021708457044945,1.2401954357124427,0.0316827871052048,S1
02395120,IC,IC,Base-CN,0.38579600190175034,1.4941814903988841,0.012489410422660399,S1
02415000,IC,IC,Base-CN,0.15773552429376289,0.61090705869503903,0.0124691410953683,S1
02427250,IC,IC,Base-CN,0.3667006497800554,1.420225509641593,0.0031810787432098001,S1
02430085,IC,IC,Base-CN,0.4318162467065903,1.6724171321164176,0.0126767241295668,S1
02450250,IC,IC,Base-CN,0.47601327410533584,1.843591483183632,0.0142864105715527,S1
02464000,IC,IC,Base-CN,0.18229865877623058,0.7060396694762896,0.011217518412828,S1
02464360,IC,IC,Base-CN,0.63435819021862094,2.456858706246996,0.0095365763059720998,S1
02465493,IC,IC,Base-CN,0.093369702679227132,0.36161930351698474,0.0073106547528565997,S1
02469800,IC,IC,Base-CN,0.38364986343335045,1.485869531852116,0.0031716493980549999,S1
02472000,IC,IC,Base-CN,0.35071830038182122,1.3583261365889638,0.0060147222598052998,S1
02472500,IC,IC,Base-CN,0.41254365643700808,1.5977747109640463,0.0024543898713559999,S1
02479155,IC,IC,Base-CN,0.022385667298444878,0.086699316640616989,0.0018026132328254,S1
02479300,IC,IC,Base-CN,0.23780055616206633,0.92099759373454448,0.00074128654859820003,S1
02479560,IC,IC,Base-CN,0.19863105157164199,0.769294754776636,0.00088818417707390001,S1
02481000,IC,IC,Base-CN,0.45947720343954046,1.7795475568832972,0.00036539777361620002,S1
02481510,IC,IC,Base-CN,0.32808089904017596,1.2706518581913584,0.00076225450768519995,S1
03010655,IC,IC,Base-CN,0.28634310292769249,1.1090020689403093,0.20726175933809901,S3
03011800,IC,IC,Base-CN,0.26328117896376285,1.0196836214965082,0.210192690903197,S3
03015500,IC,IC,Base-CN,0.36274564144186661,1.4049078282136764,0.192038519147369,S3
03021350,IC,IC,Base-CN,0.43854172577160833,1.6984648005304992,0.208263538884948,S3
03026500,IC,IC,Base-CN,0.5379483439070456,2.0834649770718481,0.20981494015044599,S3
03028000,IC,IC,Base-CN,0.55669204021349727,2.1560590007131046,0.203474312123818,S3
03049000,IC,IC,Base-CN,0.36936912306873904,1.430560462248464,0.139333377128464,S2
03049800,IC,IC,Base-CN,0.52927784266082745,2.0498842701419742,0.11634190936220901,S2
03050000,IC,IC,Base-CN,0.5921968199500991,2.2935684213437257,0.15896445715893401,S3
03069500,IC,IC,Base-CN,0.2895405932891989,1.1213858958600824,0.19464463043211599,S3
03070500,IC,IC,Base-CN,0.44183868320576869,1.7112338617661569,0.14472559244248501,S2
03076600,IC,IC,Base-CN,0.40668763423656962,1.5750944345067273,0.18939550051741899,S3
03078000,IC,IC,Base-CN,0.34736499068039911,1.3453388239606805,0.194625437344426,S3
03140000,IC,IC,Base-CN,0.4845386216478102,1.8766100122362654,0.089458478461506605,S2
03144000,IC,IC,Base-CN,0.21781344212193363,0.84358783391836201,0.093602404857988694,S2
03170000,IC,IC,Base-CN,0.35354851461950176,1.3692875091976997,0.094558583623872094,S2
03173000,IC,IC,Base-CN,0.2922692375317073,1.1319538895690422,0.094200099357257303,S2
03180500,IC,IC,Base-CN,0.27278881809977229,1.0565065495320225,0.19530302328476401,S3
03182500,IC,IC,Base-CN,0.40059867753013406,1.5515120065869246,0.17025308114365501,S3
03186500,IC,IC,Base-CN,0.049459539941510984,0.19155597450455261,0.1907316712122,S3
03237280,IC,IC,Base-CN,0.33228902395153187,1.2869498558918004,0.084730638123859794,S2
03237500,IC,IC,Base-CN,0.46040910354664893,1.7831567904784573,0.078710401691654802,S2
03238500,IC,IC,Base-CN,0.25680365010623268,0.99459626010671576,0.074738531297333405,S2
03241500,IC,IC,Base-CN,0.14428640630631154,0.55881884870846132,0.077946751954855398,S2
03280700,IC,IC,Base-CN,0.34046976978820298,1.3186337482767834,0.058446084784334301,S2
03281500,IC,IC,Base-CN,0.31175955591136068,1.2074395680657199,0.044067880842997002,S1
03285000,IC,IC,Base-CN,0.45610214050834058,1.7664759943583583,0.0446468108120254,S1
03291780,IC,IC,Base-CN,0.58623595335979062,2.2704820843104971,0.067368653261533101,S2
03338780,IC,IC,Base-CN,0.12483863449292532,0.48349795235437454,0.072550319375576905,S2
03340800,IC,IC,Base-CN,0.32444278137717231,1.256561489071002,0.073228668042685893,S2
03346000,IC,IC,Base-CN,0.46152977423561259,1.7874971293933966,0.062106965296944497,S2
03364500,IC,IC,Base-CN,0.56426542901504684,2.1853906094158599,0.080417057581499404,S2
03366500,IC,IC,Base-CN,0.58615236450750718,2.2701583460776749,0.059067129172147001,S2
03368000,IC,IC,Base-CN,0.44796412381817924,1.7349575912462054,0.067085866366636396,S2
03384450,IC,IC,Base-CN,0.4124791336610612,1.5975248153273531,0.049672530624243601,S1
03439000,IC,IC,Base-CN,0.46967916841758089,1.8190595973418395,0.037466091820604903,S1
03455500,IC,IC,Base-CN,0.52517684252464558,2.0340011649117473,0.077431416620489704,S2
03456500,IC,IC,Base-CN,0.14888110138561492,0.5766140262315046,0.063873676649555802,S2
03460000,IC,IC,Base-CN,0.26758465185630015,1.0363509003401601,0.077253343718732007,S2
03463300,IC,IC,Base-CN,0.34236744308795092,1.3259834053632495,0.0849163900758962,S2
03471500,IC,IC,Base-CN,0.37152765403510818,1.4389204167334848,0.083871169608870796,S2
03473000,IC,IC,Base-CN,0.26358921668500696,1.02087664646089,0.083266733051582498,S2
03479000,IC,IC,Base-CN,0.2013223506793643,0.7797181114005074,0.090417123752087894,S2
03488000,IC,IC,Base-CN,0.35757984834412276,1.3849007975761611,0.081549051514082205,S2
03498500,IC,IC,Base-CN,0.077048982429857998,0.2984094257930679,0.034370778926631498,S1
03500000,IC,IC,Base-CN,0.30550678751842608,1.183222700212192,0.029248917912040599,S1
03500240,IC,IC,Base-CN,0.23020700014439344,0.89158787773960424,0.029394718558517,S1
03504000,IC,IC,Base-CN,0.3271283411300473,1.266962617269132,0.058991229141726297,S2
03574500,IC,IC,Base-CN,0.43475516117176355,1.6837994988959617,0.0200681785915394,S1
03592718,IC,IC,Base-CN,0.25470119397479546,0.9864534825235276,0.014910912031414401,S1
03604000,IC,IC,Base-CN,0.60425406167429396,2.3402659177427294,0.025599076093284399,S1
04015330,IC,IC,Base-CN,0.57891769144333904,2.2421385777848961,0.19607939008931799,S3
04024430,IC,IC,Base-CN,0.37339102960936177,1.4461372393002987,0.16086675873940001,S3
04027000,IC,IC,Base-CN,0.414407220398325,1.6049922631508191,0.23500008473092299,S3
04040500,IC,IC,Base-CN,0.50724080932531201,1.9645352070337052,0.30960760043406699,S4
04043050,IC,IC,Base-CN,0.61393526780085073,2.3777610678420857,0.299401075000363,S3
04045500,IC,IC,Base-CN,0.53436738152917196,2.0695959694189479,0.30007981527701799,S4
04057510,IC,IC,Base-CN,0.51657925453393871,2.0007028498061867,0.25313469288636897,S3
04057800,IC,IC,Base-CN,0.32601297146122621,1.2626428091169231,0.33424673648474801,S4
04059500,IC,IC,Base-CN,0.48946917452569749,1.8957059614199181,0.235319790957285,S3
04063700,IC,IC,Base-CN,0.5489080201794897,2.1259116207548483,0.21196610998486901,S3
04074950,IC,IC,Base-CN,0.3755796038648484,1.4546135509437366,0.20327298331476901,S3
04105700,IC,IC,Base-CN,0.33226639868367869,1.2868622286062015,0.15457894366362401,S3
04115265,IC,IC,Base-CN,0.32170300998267148,1.2459504000876851,0.17692366303835999,S3
04122200,IC,IC,Base-CN,0.2784807651072132,1.0785513654993362,0.175430988197981,S3
04122500,IC,IC,Base-CN,0.39611671295223672,1.5341534324184365,0.18431791306315101,S3
04127918,IC,IC,Base-CN,0.48645115718788179,1.8840172305319924,0.29025406037326201,S3
04127997,IC,IC,Base-CN,0.43702224074316026,1.6925798603205082,0.26806161510467302,S3
04161580,IC,IC,Base-CN,0.38846013124024931,1.5044996189590329,0.15767314702308599,S3
04185000,IC,IC,Base-CN,0.45055569660228151,1.744994709479518,0.12520344899268601,S2
04196800,IC,IC,Base-CN,0.31342526479177568,1.2138908308191969,0.099311648741759004,S2
04197100,IC,IC,Base-CN,0.40964622549508528,1.5865530091791935,0.11186376081024101,S2
04197170,IC,IC,Base-CN,0.31199253776681385,1.2083419029118587,0.10758495614117,S2
04213000,IC,IC,Base-CN,0.48135211340692974,1.8642687188867828,0.16222733846553899,S3
04213075,IC,IC,Base-CN,0.051570006690003931,0.19972977707419029,0.16065507084862399,S3
04216418,IC,IC,Base-CN,0.36552262210549086,1.4156630280766331,0.22539387678926401,S3
04221000,IC,IC,Base-CN,0.45848708531381366,1.7757128458715794,0.20721475316622401,S3
04224775,IC,IC,Base-CN,0.43628392252315085,1.68972036615021,0.20465019058735701,S3
04233000,IC,IC,Base-CN,0.56923237356613587,2.2046275029437634,0.16953232937769699,S3
04256000,IC,IC,Base-CN,0.47848467313218757,1.853163170456462,0.27970358450698901,S3
04296000,IC,IC,Base-CN,0.3485135823516477,1.3497873003750185,0.27331782642230701,S3
05057200,IC,IC,Base-CN,0.45994428994005437,1.7813565751210263,0.141789208175196,S2
05120500,IC,IC,Base-CN,0.40138550965372671,1.5545593942978597,0.19176626992326001,S3
05291000,IC,IC,Base-CN,0.30192433149066711,1.1693479076781612,0.14887450091553101,S2
05362000,IC,IC,Base-CN,0.39893236823031247,1.545058418419085,0.174430982504896,S3
05393500,IC,IC,Base-CN,0.3218705969190257,1.2465994615012268,0.19616986570514999,S3
05399500,IC,IC,Base-CN,0.40382127785037053,1.5639930839586831,0.15695825592339699,S3
05408000,IC,IC,Base-CN,0.2423912064834611,0.93877710597756814,0.140156645371,S2
05413500,IC,IC,Base-CN,0.11880843213718428,0.46014307905632884,0.124159245932601,S2
05414000,IC,IC,Base-CN,0.31560676059899073,1.2223397277503623,0.12354229376961599,S2
05444000,IC,IC,Base-CN,0.27552756480261403,1.0671136699016091,0.113352332875094,S2
05454000,IC,IC,Base-CN,0.25450367836470156,0.98568850785501805,0.102381239516297,S2
05458000,IC,IC,Base-CN,0.19035901613777156,0.73725729930201811,0.122540965691067,S2
05466500,IC,IC,Base-CN,0.32910115716268673,1.2746033009086755,0.107102802145215,S2
05487980,IC,IC,Base-CN,0.11811034663883932,0.45743940554700985,0.096451916764193804,S2
05488200,IC,IC,Base-CN,0.3097979237884429,1.1998421995222739,0.10182137585369,S2
05489000,IC,IC,Base-CN,0.51885694187082021,2.0095242949297965,0.097742468170802801,S2
05495000,IC,IC,Base-CN,0.16057154152651476,0.62189090620704435,0.096562358958928798,S2
05495500,IC,IC,Base-CN,0.36933942871321362,1.4304454565040376,0.075832497098455603,S2
05501000,IC,IC,Base-CN,0.42499220301218843,1.6459877245342074,0.080596593308346703,S2
05503800,IC,IC,Base-CN,0.054796485675633923,0.21222587645242344,0.083284385798275407,S2
05507600,IC,IC,Base-CN,0.28570302314219603,1.1065230505908374,0.074263389299809704,S2
05508805,IC,IC,Base-CN,0.37387285689724842,1.448003348362032,0.075793058486454998,S2
05525500,IC,IC,Base-CN,0.35687151459710764,1.3821574327704149,0.0775662992910571,S2
05556500,IC,IC,Base-CN,0.3771355116273854,1.4606395557962772,0.10698781455937301,S2
05584500,IC,IC,Base-CN,0.48055916090638179,1.861197627057827,0.086476558666704201,S2
05591550,IC,IC,Base-CN,0.51051193920742888,1.9772042385904249,0.069251605496358504,S2
05592050,IC,IC,Base-CN,0.34323535402419914,1.3293448099653302,0.074088928749531296,S2
05592575,IC,IC,Base-CN,0.53215483696777277,2.0610268211799072,0.063880192405021505,S2
05593575,IC,IC,Base-CN,0.46571742670873295,1.8037158376814959,0.0547473552431735,S2
05593900,IC,IC,Base-CN,0.32861546209711212,1.2727222120083699,0.073433925873910497,S2
05595730,IC,IC,Base-CN,0.47488998357196405,1.8392409976549304,0.056671646693579998,S2
06221400,IC,IC,Base-CN,0.45702121359437237,1.7700355491145068,0.71482675240544402,S5
06224000,IC,IC,Base-CN,0.54485758573987209,2.1102243556253044,0.69390135093610406,S5
06278300,IC,IC,Base-CN,0.62455875997969046,2.4189056761292966,0.73286223533475703,S5
06280300,IC,IC,Base-CN,0.63983888414320522,2.4780853425425704,0.66677348891514598,S5
06289000,IC,IC,Base-CN,0.52635192016236221,2.0385522210331248,0.58364280643004396,S5
06291500,IC,IC,Base-CN,0.43918739218107145,1.7009654557815552,0.40477281669443099,S4
06311000,IC,IC,Base-CN,0.39876486683242185,1.5444096882945881,0.57382796016243998,S5
06332515,IC,IC,Base-CN,0.64610939898822495,2.5023709421094784,0.17391461539417499,S3
06339100,IC,IC,Base-CN,0.56236961690766851,2.178048160696445,0.16034927400429499,S3
06344600,IC,IC,Base-CN,0.56158467641176735,2.175008099228056,0.16262403328986699,S3
06350000,IC,IC,Base-CN,0.60994048253579314,2.3622893310388426,0.16491332783033799,S3
06352000,IC,IC,Base-CN,0.45245818380121722,1.7523630107173689,0.168403955596369,S3
06404000,IC,IC,Base-CN,0.51065476086976935,1.9777573845101479,0.191294358675479,S3
06406000,IC,IC,Base-CN,0.34480749092496915,1.3354336699999705,0.16783287835102101,S3
06409000,IC,IC,Base-CN,0.49320583373414262,1.9101779803046786,0.34333717661180801,S4
06431500,IC,IC,Base-CN,0.32673848406039696,1.2654527073309749,0.36993144167526998,S4
06440200,IC,IC,Base-CN,0.22606356674414477,0.87554042918432151,0.14080585013704799,S2
06447500,IC,IC,Base-CN,0.39909839427731791,1.5457014345341737,0.15564917641478301,S3
06470800,IC,IC,Base-CN,0.40768907306258911,1.5789729904021463,0.14718946482150999,S2
06477500,IC,IC,Base-CN,0.47487265188022987,1.8391738723014825,0.13238112465899399,S2
06479215,IC,IC,Base-CN,0.58572133287540051,2.2684889677448368,0.16475142232179599,S3
06601000,IC,IC,Base-CN,0.57676576880126207,2.2338042172298054,0.105879368005318,S2
06614800,IC,IC,Base-CN,0.76218155141662403,2.9519164554231168,0.76047673809198701,S5
06622700,IC,IC,Base-CN,0.46007338192283481,1.7818565462204636,0.717691988588396,S5
06623800,IC,IC,Base-CN,0.54950200499189727,2.1282121140412031,0.75393560905957202,S5
06632400,IC,IC,Base-CN,0.47127112677299982,1.8252252255402326,0.74451186962064497,S5
06746095,IC,IC,Base-CN,0.37441356891756922,1.4500975170118287,0.72874428949206904,S5
06803510,IC,IC,Base-CN,0.37185454800430051,1.4401864716321424,0.094047593498377699,S2
06803530,IC,IC,Base-CN,0.58919764745544068,2.2819526762195106,0.099195857766623693,S2
06814000,IC,IC,Base-CN,0.52989695424056105,2.0522820789797267,0.090284208845601094,S2
06847900,IC,IC,Base-CN,0.56013227813053579,2.1693829848727861,0.102382584534704,S2
06853800,IC,IC,Base-CN,0.40156690235935072,1.5552619252258653,0.10413574193330501,S2
06876700,IC,IC,Base-CN,0.44992716143162909,1.7425604032310753,0.079611385421626199,S2
06878000,IC,IC,Base-CN,0.38783926116278566,1.5020949994888579,0.072786712138281195,S2
06879650,IC,IC,Base-CN,0.30443155125465604,1.1790583280693725,0.067249733519004803,S2
06885500,IC,IC,Base-CN,0.27809366086064052,1.0770521171991141,0.084298726218757197,S2
06888500,IC,IC,Base-CN,0.37698959338870636,1.4600744168879654,0.070371965584880597,S2
06889200,IC,IC,Base-CN,0.51519149207492065,1.9953280689139179,0.071615249614107798,S2
06889500,IC,IC,Base-CN,0.38069995108574062,1.4744445704570515,0.069599735811631994,S2
06892000,IC,IC,Base-CN,0.45855845944483253,1.7759892766923655,0.071517824945699096,S2
06903400,IC,IC,Base-CN,0.20719827413608413,0.80247546509197287,0.097926267850113602,S2
06906800,IC,IC,Base-CN,0.58474023189785906,2.2646891799978714,0.0604504736826071,S2
06910800,IC,IC,Base-CN,0.40470266809842009,1.5674066937108886,0.061306635809200302,S2
06911900,IC,IC,Base-CN,0.33681197864837176,1.304467184108312,0.061853160375396198,S2
06917000,IC,IC,Base-CN,0.27980030873127787,1.0836619359799329,0.051070204703279998,S2
06918460,IC,IC,Base-CN,0.26029099168766767,1.00810267597415,0.049858846867926403,S1
06919500,IC,IC,Base-CN,0.19248107655873814,0.74547600397206759,0.049446608376687601,S1
06921070,IC,IC,Base-CN,0.58746731138910535,2.2752511134512519,0.060123837283451602,S2
06921200,IC,IC,Base-CN,0.46909412200296524,1.8167937223212747,0.057255427061220401,S2
07057500,IC,IC,Base-CN,0.13127868072909066,0.50844014417584871,0.056439436709580702,S2
07060710,IC,IC,Base-CN,0.53577981110139894,2.0750662856298741,0.050998483129256901,S2
07066000,IC,IC,Base-CN,0.26402785737331752,1.0225754945416858,0.056231313719669503,S2
07083000,IC,IC,Base-CN,0.53054121530037157,2.0547772913349824,0.71059994783690705,S5
07142300,IC,IC,Base-CN,0.50705907232207736,1.9638313426467875,0.086791678000222694,S2
07145700,IC,IC,Base-CN,0.3472515390323177,1.3448994276170612,0.061761151970406797,S2
07167500,IC,IC,Base-CN,0.26091484457785891,1.010518847828344,0.0520689190916616,S2
07180500,IC,IC,Base-CN,0.19723906648196288,0.76390361970613962,0.055784620682848597,S2
07184000,IC,IC,Base-CN,0.044271011552571841,0.17146089046286689,0.045357617584439701,S1
07195800,IC,IC,Base-CN,0.36765504824138595,1.4239218789879724,0.0482364215180522,S1
07196900,IC,IC,Base-CN,0.4181788438840619,1.6195996980992431,0.046098631504051898,S1
07197000,IC,IC,Base-CN,0.24794020604801598,0.96026828887920135,0.040801094475572598,S1
07208500,IC,IC,Base-CN,0.48574279376604912,1.8812737507961721,0.33313498367948202,S4
07261000,IC,IC,Base-CN,0.15629295476581137,0.60532001093753662,0.0378060990134872,S1
07263295,IC,IC,Base-CN,0.54927077818111625,2.1273165764538513,0.031045510728190399,S1
07291000,IC,IC,Base-CN,0.35309583224645935,1.3675342779057849,0.003569389743915,S1
07299670,IC,IC,Base-CN,0.52413259500086229,2.0299568116428164,0.029132353452169999,S1
07301410,IC,IC,Base-CN,0.3862524459125421,1.4959492904511567,0.075416759135817094,S2
07315200,IC,IC,Base-CN,0.32601175993434484,1.2626381168934879,0.0162560388991893,S1
07315700,IC,IC,Base-CN,0.41777370879174802,1.6180306166337473,0.020816122880173701,S1
07335700,IC,IC,Base-CN,0.22180218109626856,0.85903615353832974,0.043016296074112899,S1
07340300,IC,IC,Base-CN,0.33560016770564177,1.2997738605083669,0.038567805450922303,S1
07346045,IC,IC,Base-CN,0.34652571255403281,1.3420883137544275,0.016889793856234799,S1
07359610,IC,IC,Base-CN,0.44142648693869374,1.7096374324884067,0.030179024861366099,S1
07362100,IC,IC,Base-CN,0.48126737794632657,1.8639405398590336,0.018323465791703498,S1
07362587,IC,IC,Base-CN,0.45867171721502686,1.7764279221501567,0.036638066886185101,S1
07375000,IC,IC,Base-CN,0.54733940332344411,2.1198363937948037,0.00050816552542139995,S1
08013000,IC,IC,Base-CN,0.12964032760554367,0.50209482981314435,0.0032863361803717002,S1
08014500,IC,IC,Base-CN,0.52637891624928901,2.0386567764282053,0.0022457658116512998,S1
08023080,IC,IC,Base-CN,0.25873183633455238,1.0020640932573843,0.0072046599774758004,S1
08050800,IC,IC,Base-CN,0.32345696543468799,1.2527434403433348,0.019672896878614302,S1
08066200,IC,IC,Base-CN,0.20544644256929262,0.79569065060842881,0.0023206818433828,S1
08066300,IC,IC,Base-CN,0.19318733684779621,0.74821133830967712,0.0017530511421341001,S1
08070000,IC,IC,Base-CN,0.36369050816220949,1.4085672812859498,0.0023807368074233001,S1
08070200,IC,IC,Base-CN,0.13579032796236423,0.52591367877427997,0.0024550978464836998,S1
08082700,IC,IC,Base-CN,0.40605684322716235,1.5726513914323557,0.012802138484555799,S1
08086212,IC,IC,Base-CN,0.32613990493558503,1.263134420349191,0.013186231396444901,S1
08086290,IC,IC,Base-CN,0.50693331564727573,1.9633442891396067,0.0128799846435909,S1
08101000,IC,IC,Base-CN,0.55910070901042408,2.1653877348501314,0.0091795525039557006,S1
08103900,IC,IC,Base-CN,0.55648726386338487,2.1552659053194225,0.0092842421517583002,S1
08104900,IC,IC,Base-CN,0.53081830052638479,2.055850437800812,0.0093596117977167992,S1
08109700,IC,IC,Base-CN,0.37594501545696174,1.4560287839545027,0.0051361625387599001,S1
08150800,IC,IC,Base-CN,0.22415518327639675,0.86814929179555589,0.0082340595135767004,S1
08158700,IC,IC,Base-CN,0.28036424334118565,1.0858460453324557,0.0064753537654613997,S1
08158810,IC,IC,Base-CN,0.23054597149558476,0.89290070813760958,0.0058462589398928996,S1
08164300,IC,IC,Base-CN,0.29830122848025359,1.1553156900572357,0.0021354784821483001,S1
08164600,IC,IC,Base-CN,0.27228054116786127,1.0545380014394696,0.00089788311370859997,S1
08165300,IC,IC,Base-CN,0.51880215824516462,2.0093121188599876,0.0056160383836324004,S1
08171300,IC,IC,Base-CN,0.24600083653971902,0.95275714307142478,0.0043200262623378002,S1
08175000,IC,IC,Base-CN,0.19265325756217874,0.74614285813092629,0.0022293177664445001,S1
08176900,IC,IC,Base-CN,0.4375675018176976,1.6946916473815263,0.0018005933498891,S1
08178880,IC,IC,Base-CN,0.27196827262248291,1.0533285905636749,0.0030449353276083002,S1
08189500,IC,IC,Base-CN,0.41721522580545589,1.6158676213286975,0.0016287321026844999,S1
08190000,IC,IC,Base-CN,0.39345780310925627,1.5238555188775063,0.0037075564040486,S1
08190500,IC,IC,Base-CN,0.32937853363491154,1.2756775753662322,0.0044907633248583,S1
08194200,IC,IC,Base-CN,0.44056206985460683,1.7062895595175609,0.00055356012642720001,S1
08195000,IC,IC,Base-CN,0.36305934392684325,1.4061227927136548,0.0043576302166991997,S1
08196000,IC,IC,Base-CN,0.4028012547428747,1.5600425514506051,0.0023896281867178001,S1
08198500,IC,IC,Base-CN,0.027833950739988619,0.10780042767513352,0.0030982528891208001,S1
08200000,IC,IC,Base-CN,0.16872957320104853,0.65348682702034622,0.0026284470487445998,S1
08202700,IC,IC,Base-CN,0.38355506424309616,1.4855023761670272,0.0027620164933950002,S1
08267500,IC,IC,Base-CN,0.6164856660134902,2.3876387176458351,0.471388008193727,S4
08269000,IC,IC,Base-CN,0.6859885703186005,2.6568223085325751,0.40164568229828701,S4
08271000,IC,IC,Base-CN,0.44326647642597794,1.716763681129855,0.48400245009705001,S4
08324000,IC,IC,Base-CN,0.65660024003254014,2.5430017947618202,0.365429081915842,S4
08377900,IC,IC,Base-CN,0.50452761641287092,1.9540270560687729,0.466213354634129,S4
08378500,IC,IC,Base-CN,0.4027198784785278,1.559727382534013,0.44998932898562399,S4
08380500,IC,IC,Base-CN,0.4878035999588673,1.8892552188607179,0.29110443114541401,S3
09035800,IC,IC,Base-CN,0.58536745641120236,2.2671184100923827,0.70371518166789104,S5
09035900,IC,IC,Base-CN,0.54941461127755864,2.1278736396410065,0.68982388541514394,S5
09047700,IC,IC,Base-CN,0.57300678108062575,2.2192457203891829,0.62694510072226095,S5
09065500,IC,IC,Base-CN,0.57993871109758688,2.2460929699019485,0.71553072566192599,S5
09066000,IC,IC,Base-CN,0.4468947086934319,1.7308157642778765,0.68227275661074704,S5
09066200,IC,IC,Base-CN,0.52357826750970826,2.0278099105012317,0.71221641813787495,S5
09066300,IC,IC,Base-CN,0.54887532766526848,2.1257850031917238,0.68831749726415203,S5
09081600,IC,IC,Base-CN,0.51576367523186573,1.9975441247517467,0.66474212387335996,S5
09107000,IC,IC,Base-CN,0.52210859829579859,2.0221179061113261,0.67258302137250403,S5
09210500,IC,IC,Base-CN,0.4243491741768089,1.6434972845636513,0.65472507476900998,S5
09223000,IC,IC,Base-CN,0.41388274131876224,1.6029609644102385,0.698323179997837,S5
09306242,IC,IC,Base-CN,0.47841755509214451,1.852903223405145,0.35800746386242999,S4
09312600,IC,IC,Base-CN,0.45207538020151744,1.7508804187508631,0.60472596359086095,S5
09352900,IC,IC,Base-CN,0.62107327658576728,2.4054064569911495,0.63389389874682101,S5
09378170,IC,IC,Base-CN,0.41916708788682822,1.6234271506639464,0.504005221672301,S5
09386900,IC,IC,Base-CN,0.39317027850552344,1.5227419408756242,0.30750754408043401,S4
09404450,IC,IC,Base-CN,0.53182432507078581,2.0597467541071532,0.42359993958506298,S4
09430600,IC,IC,Base-CN,0.48402212844588399,1.874609642666776,0.21287165392999,S3
09447800,IC,IC,Base-CN,0.31560294614106971,1.2223249544183594,0.039482669927636597,S1
09484600,IC,IC,Base-CN,0.21267034956591485,0.82366872210089803,0.0101482581857307,S1
09492400,IC,IC,Base-CN,0.19492303513841303,0.75493366888327684,0.27176626170638502,S3
09494000,IC,IC,Base-CN,0.4336753966524915,1.6796175888949954,0.23555411047052199,S3
09497980,IC,IC,Base-CN,0.41601890815527071,1.6112343029927563,0.0796650506390503,S2
09505350,IC,IC,Base-CN,0.4538745655666338,1.757848633706699,0.19893649250215201,S3
09505800,IC,IC,Base-CN,0.40053281327675877,1.5512569154304916,0.28406909937647501,S3
09508300,IC,IC,Base-CN,0.69067468190633774,2.6749715406703509,0.0401188085303456,S1
09510200,IC,IC,Base-CN,0.42861691096749105,1.66002615807996,0.0061243701078093999,S1
09512280,IC,IC,Base-CN,0.049569211368400069,0.19198073011444883,0.0046420695661841998,S1
09513780,IC,IC,Base-CN,0.17650878745862192,0.68361559428650731,0.0042560892003910998,S1
10234500,IC,IC,Base-CN,0.45578822327140839,1.7652601981276324,0.632069679226265,S5
10244950,IC,IC,Base-CN,0.40688727085728166,1.5758676238140383,0.656356436998628,S5
10259000,IC,IC,Base-CN,0.21135500692705353,0.81857442196603158,0.033524900462137699,S1
10336645,IC,IC,Base-CN,0.438953967080354,1.7000614042538897,0.66530487256572202,S5
10336660,IC,IC,Base-CN,0.45322619461968433,1.7553375038269989,0.66872784227053605,S5
10343500,IC,IC,Base-CN,0.47200319902272864,1.828060529171653,0.71498124845069799,S5
11124500,IC,IC,Base-CN,0.31382825756752653,1.2154516151283219,0.0230381055615776,S1
11141280,IC,IC,Base-CN,0.30249704937147615,1.1715660344926098,0.00078778039240759998,S1
11143000,IC,IC,Base-CN,0.38959909054383135,1.5089107893738145,0.025437939948626101,S1
11148900,IC,IC,Base-CN,0.39760307743047885,1.5399100972890627,0.0035267946066840001,S1
11151300,IC,IC,Base-CN,0.35676115514160917,1.3817300124371727,0.0038403901400884,S1
11176400,IC,IC,Base-CN,0.37106815535733384,1.4371407860068606,0.016307003804813001,S1
11230500,IC,IC,Base-CN,0.50288045949164373,1.9476476447442699,0.90296367988160797,S5
11237500,IC,IC,Base-CN,0.36347227802552662,1.4077220796009366,0.74985696068569097,S5
11264500,IC,IC,Base-CN,0.61054153737505124,2.3646172064214466,0.90632692590848996,S5
11266500,IC,IC,Base-CN,0.69597377576882657,2.6954948429497603,0.88521745222356196,S5
11284400,IC,IC,Base-CN,0.43967714331311247,1.7028622537597364,0.036504723085011598,S1
11381500,IC,IC,Base-CN,0.12095412125392972,0.46845329727162238,0.16502613048620199,S3
11451100,IC,IC,Base-CN,0.46751856843430284,1.8106916295887874,0.12353635903492501,S2
11468500,IC,IC,Base-CN,0.36992394875597168,1.4327092928951644,0.00052420513384799998,S1
11473900,IC,IC,Base-CN,0.55412059139872616,2.1460998222778711,0.262478357358648,S3
11475560,IC,IC,Base-CN,0.075425327936627234,0.29212103898079028,0.13862933797159699,S2
11476600,IC,IC,Base-CN,0.13866068398912576,0.5370305198636135,0.0120106292964887,S1
11478500,IC,IC,Base-CN,0.4197572846192581,1.6257129727796333,0.15731442101992801,S3
11480390,IC,IC,Base-CN,0.44769481753019369,1.7339145724778084,0.29951250604617802,S3
11481200,IC,IC,Base-CN,0.1607102918967234,0.6224282840801425,0.0016368255310897999,S1
11482500,IC,IC,Base-CN,0.07093697157632109,0.27473770954548049,0.013181204499064901,S1
11522500,IC,IC,Base-CN,0.29905549279425042,1.1582369431839841,0.24912977705789799,S3
11523200,IC,IC,Base-CN,0.26744067287724604,1.0357932721520795,0.43170715197688297,S4
11528700,IC,IC,Base-CN,0.43598390333159359,1.6885583968177664,0.27130532232750598,S3
11532500,IC,IC,Base-CN,0.11602155457523534,0.44934954867098148,0.048535376549699603,S1
12010000,IC,IC,Base-CN,0.31402916194651903,1.2162297144423402,0.0236362361738051,S1
12013500,IC,IC,Base-CN,0.30915911838042581,1.1973681168155565,0.0174156764185481,S1
12020000,IC,IC,Base-CN,0.39129588487045075,1.5154824455427505,0.043553396693618997,S1
12025700,IC,IC,Base-CN,0.089037097846510496,0.34483919715417544,0.090576757354829202,S2
12035000,IC,IC,Base-CN,0.35033624335973429,1.3568464361051196,0.022021888089668099,S1
12040500,IC,IC,Base-CN,0.14218182600116802,0.55066784423588444,0.067091783975138902,S2
12041200,IC,IC,Base-CN,0.453705953604495,1.7571956023853641,0.17957410474413199,S3
12048000,IC,IC,Base-CN,0.63000332180108165,2.4399923733909414,0.49819765325107601,S4
12054000,IC,IC,Base-CN,0.15651105057749665,0.60616469238407122,0.379149578248129,S4
12056500,IC,IC,Base-CN,0.35998554909207608,1.3942180365089432,0.33857493203528899,S4
12073500,IC,IC,Base-CN,0.21354080706094142,0.82703998948271729,0.0156016658711511,S1
12082500,IC,IC,Base-CN,0.30828677825158529,1.1939895580243287,0.39878651405721,S4
12092000,IC,IC,Base-CN,0.52273057936179712,2.0245268284215947,0.51367072643135103,S5
12114500,IC,IC,Base-CN,0.42146914688149567,1.6323429868122805,0.40651703888363999,S4
12115000,IC,IC,Base-CN,0.25319679210971568,0.98062695915407039,0.33894435240274401,S4
12117000,IC,IC,Base-CN,0.18191357820262163,0.70454825882775418,0.12519943348901,S2
12143600,IC,IC,Base-CN,0.30705864823754636,1.1892330309329784,0.31162204637311802,S4
12144000,IC,IC,Base-CN,0.39789755079873834,1.5410505877402332,0.220551545924003,S3
12145500,IC,IC,Base-CN,0.13711417113245122,0.53104090132501736,0.044854637880715899,S1
12147500,IC,IC,Base-CN,0.18909278764940599,0.73235321745408488,0.15904120143699199,S3
12167000,IC,IC,Base-CN,0.092213308325851492,0.3571406074447126,0.131187744738816,S2
12175500,IC,IC,Base-CN,0.4742038388026974,1.8365835703904734,0.69036044322912604,S5
12178100,IC,IC,Base-CN,0.37184847253660119,1.4401629414469224,0.52956688772687999,S5
12186000,IC,IC,Base-CN,0.59533750408078312,2.3057322386775629,0.43565219188418502,S4
12189500,IC,IC,Base-CN,0.3521409171799309,1.3638359077560775,0.457875714546575,S4
12375900,IC,IC,Base-CN,0.49467414791002112,1.9158647366548562,0.60651552653920204,S5
12377150,IC,IC,Base-CN,0.54620632702449967,2.1154480081590092,0.71988665378066796,S5
12381400,IC,IC,Base-CN,0.48027755197648431,1.8601069603621907,0.59400515341973503,S5
12383500,IC,IC,Base-CN,0.54247588338642927,2.1010000620747973,0.612621722100952,S5
12390700,IC,IC,Base-CN,0.49534849476909754,1.9184764708096267,0.51948700971260897,S5
12411000,IC,IC,Base-CN,0.39033230547607345,1.5117505185955786,0.46448551255835502,S4
12447390,IC,IC,Base-CN,0.7005882252254011,2.7133665288469895,0.77731149750856599,S5
12451000,IC,IC,Base-CN,0.59527930093603565,2.3055068188672592,0.71676708120225796,S5
12488500,IC,IC,Base-CN,0.5168553951013104,2.0017723376248298,0.64191899540199604,S5
13011500,IC,IC,Base-CN,0.63532965846487077,2.4606211865860907,0.65871326821235299,S5
13011900,IC,IC,Base-CN,0.5934294398458374,2.2983423376721244,0.70460706941907603,S5
13018300,IC,IC,Base-CN,0.62324202454342115,2.413805981713264,0.65711853695654998,S5
13023000,IC,IC,Base-CN,0.45930455963327943,1.7788789102968225,0.64685862475843603,S5
13161500,IC,IC,Base-CN,0.44605228896573818,1.7275530867020024,0.51867934236885105,S5
13235000,IC,IC,Base-CN,0.47278769681761712,1.8310988760663924,0.67789507589655196,S5
13240000,IC,IC,Base-CN,0.64039198105799267,2.4802274776823814,0.72653347179839101,S5
13313000,IC,IC,Base-CN,0.58393730996483317,2.2615794767229573,0.74453605020993097,S5
13331500,IC,IC,Base-CN,0.4317630829124896,1.6722112296272444,0.55788094452842996,S5
14020000,IC,IC,Base-CN,0.39616399702865562,1.5343365628589478,0.35535822200439798,S4
14096850,IC,IC,Base-CN,0.64404131564215539,2.4943612897515823,0.24475022849623401,S3
14137000,IC,IC,Base-CN,0.49566202351918165,1.9196907624372597,0.324496374801996,S4
14138800,IC,IC,Base-CN,0.47787103223286592,1.8507865494728375,0.31726621214989698,S4
14138870,IC,IC,Base-CN,0.36849957617999674,1.4271927216296187,0.22904935546692701,S3
14138900,IC,IC,Base-CN,0.41014745242912187,1.5884942527473878,0.221358389006793,S3
14139800,IC,IC,Base-CN,0.62098915890819184,2.405080670626778,0.18319795566369801,S3
14141500,IC,IC,Base-CN,0.50118260898113287,1.9410718979927113,0.142882264769743,S2
14154500,IC,IC,Base-CN,0.23626553853309978,0.91505249602142225,0.135550710091939,S2
14158790,IC,IC,Base-CN,0.2592313423197451,1.0039986716193667,0.36505663037712699,S4
14166500,IC,IC,Base-CN,0.16298506122334586,0.63123842779861483,0.0106763012784076,S1
14182500,IC,IC,Base-CN,0.17050189143685221,0.66035098603179365,0.146759311242181,S2
14185000,IC,IC,Base-CN,0.26170348790386599,1.013573250296067,0.17810725228455401,S3
14185900,IC,IC,Base-CN,0.28595500241085409,1.1074989621019395,0.187297518505713,S3
14187000,IC,IC,Base-CN,0.13592906511207561,0.52645100544461243,0.089519417393842393,S2
14216500,IC,IC,Base-CN,0.3462305964535809,1.3409453340121795,0.29581618375783397,S3
14222500,IC,IC,Base-CN,0.20164253031640292,0.78095816180255273,0.090027424119485194,S2
14236200,IC,IC,Base-CN,0.14007357042169871,0.54250260548705098,0.11471395531314001,S2
14301000,IC,IC,Base-CN,0.24634132258634045,0.95407583985960553,0.032479890320677503,S1
14303200,IC,IC,Base-CN,0.27974624482864774,1.0834525473854155,0.088754104072908999,S2
14305500,IC,IC,Base-CN,0.19468527428248764,0.75401282504789779,0.025741427784791101,S1
14306340,IC,IC,Base-CN,0.20978072106670426,0.81247723904672908,0.069380414643118699,S2
14306500,IC,IC,Base-CN,0.27647992722851922,1.0708021537166936,0.020298270612253401,S1
14308990,IC,IC,Base-CN,0.55403565588975379,2.1457708684661196,0.13582551553997099,S2
14309500,IC,IC,Base-CN,0.3688693201832724,1.4286247339966653,0.061255369170982697,S2
14316700,IC,IC,Base-CN,0.17609913674143254,0.68202902388107089,0.17633658074200501,S3
14325000,IC,IC,Base-CN,0.38314091082955432,1.4838983668936048,0.0302033920558714,S1
14362250,IC,IC,Base-CN,0.54399363541604351,2.1068782904091656,0.141500009350329,S2
14400000,IC,IC,Base-CN,0.061915243905792457,0.23979670852350446,0.0243303906906382,S1
01022500,dPL,dPL,Base-CN,0.36956532732774944,1.4313203580760663,0.24525900924827099,S3
01031500,dPL,dPL,Base-CN,0.34090865314436586,1.3203335362061297,0.29183647300195797,S3
01047000,dPL,dPL,Base-CN,0.33241410954060163,1.2874343102951182,0.28011812694073601,S3
01052500,dPL,dPL,Base-CN,0.48159874229467969,1.8652239084617321,0.35269825404932598,S4
01054200,dPL,dPL,Base-CN,0.45519346471045957,1.7629567081260635,0.29964153966287899,S3
01055000,dPL,dPL,Base-CN,0.41507869434427069,1.6075928705608791,0.30604885169486701,S4
01057000,dPL,dPL,Base-CN,0.33200908414454994,1.2858656536814188,0.25115767276909801,S3
01073000,dPL,dPL,Base-CN,0.27557237153751524,1.0672872056396794,0.17503243505173999,S3
01078000,dPL,dPL,Base-CN,0.28169336855239041,1.0909937251404762,0.23971852199071,S3
01123000,dPL,dPL,Base-CN,0.20692830434920809,0.8014298766034228,0.136053399026134,S2
01134500,dPL,dPL,Base-CN,0.45924164590399857,1.77863524647107,0.28058208922815098,S3
01137500,dPL,dPL,Base-CN,0.46438769459332074,1.7985658073435873,0.301814975818189,S4
01139000,dPL,dPL,Base-CN,0.43329559390975475,1.6781466191975321,0.246562671549799,S3
01139800,dPL,dPL,Base-CN,0.48122113867859079,1.8637614559451519,0.26232897318020998,S3
01142500,dPL,dPL,Base-CN,0.4372552702430953,1.6934823796929315,0.25230789054282099,S3
01144000,dPL,dPL,Base-CN,0.39206531360069091,1.5184624302010643,0.248466348504845,S3
01162500,dPL,dPL,Base-CN,0.28300839922184046,1.096086817023008,0.22676918468004301,S3
01169000,dPL,dPL,Base-CN,0.36107978300864779,1.3984559862446806,0.23897260589607899,S3
01170100,dPL,dPL,Base-CN,0.37901990775982636,1.4679377906348787,0.23465373540593401,S3
01181000,dPL,dPL,Base-CN,0.31890841300597322,1.2351269725375711,0.21756304104059199,S3
01187300,dPL,dPL,Base-CN,0.36497647013160228,1.4135477905772644,0.20126933569514599,S3
01195100,dPL,dPL,Base-CN,0.20088855391033422,0.77803802373841524,0.10604289209171699,S2
01333000,dPL,dPL,Base-CN,0.42950256601777098,1.6634562853401786,0.22224496801649801,S3
01350000,dPL,dPL,Base-CN,0.35040451983036824,1.3571108697388228,0.231159657658639,S3
01350080,dPL,dPL,Base-CN,0.23779356415821831,0.92097051382008444,0.221156578322867,S3
01350140,dPL,dPL,Base-CN,0.30522665905577218,1.1821377673415348,0.21985902668281099,S3
01365000,dPL,dPL,Base-CN,0.28029920454097729,1.0855941511423912,0.20227021109368101,S3
01411300,dPL,dPL,Base-CN,0.22707948712561124,0.87947507190281382,0.048094855035164599,S1
01413500,dPL,dPL,Base-CN,0.080062506447144507,0.31008075412541464,0.216908033968228,S3
01414500,dPL,dPL,Base-CN,0.24244325783424597,0.93897869999230554,0.216628505016047,S3
01415000,dPL,dPL,Base-CN,0.21618548359908848,0.83728277767106629,0.213452184948768,S3
01423000,dPL,dPL,Base-CN,0.22876665028104473,0.88600942670614258,0.217830297712483,S3
01434025,dPL,dPL,Base-CN,0.21624414251852697,0.83750996268915812,0.23781373120697999,S3
01435000,dPL,dPL,Base-CN,0.23164424282314425,0.89715429469886465,0.223616269388589,S3
01439500,dPL,dPL,Base-CN,0.22138510873497,0.85742083922885692,0.163765228832016,S3
01440000,dPL,dPL,Base-CN,0.2500791360536499,0.96855232916972489,0.147767408338048,S2
01440400,dPL,dPL,Base-CN,0.28464427521441898,1.1024225374987253,0.17222337109288199,S3
01451800,dPL,dPL,Base-CN,0.24609142248355359,0.95310798092329652,0.12836266599142701,S2
01466500,dPL,dPL,Base-CN,0.1613461433725831,0.62489092625680853,0.062661769761676103,S2
01484100,dPL,dPL,Base-CN,0.31418140401665884,1.2168193454445837,0.042571686471381001,S1
01487000,dPL,dPL,Base-CN,0.13265649995886769,0.51377641510685945,0.042468989425902597,S1
01491000,dPL,dPL,Base-CN,0.10995635661015582,0.42585913796077735,0.050025721123379399,S2
01510000,dPL,dPL,Base-CN,0.068693049200157577,0.26604703555241699,0.23705740062296199,S3
01516500,dPL,dPL,Base-CN,0.33023781646289357,1.2790055634486883,0.199238597784613,S3
01518862,dPL,dPL,Base-CN,0.22783473648177693,0.88240014008147749,0.20111134491157401,S3
01532000,dPL,dPL,Base-CN,0.27708874768191727,1.0731601051935344,0.17674126662110801,S3
01539000,dPL,dPL,Base-CN,0.18454830675750578,0.71475251864259759,0.156285913306627,S3
01542810,dPL,dPL,Base-CN,0.21212724682748446,0.82156529423967739,0.189716485804691,S3
01543000,dPL,dPL,Base-CN,0.15997729358048957,0.61958939380857081,0.18805657708399501,S3
01543500,dPL,dPL,Base-CN,0.14619260853392776,0.56620153819052255,0.18165361094167101,S3
01544500,dPL,dPL,Base-CN,0.17997131316336271,0.69702589867678344,0.20336289315931999,S3
01545600,dPL,dPL,Base-CN,0.1135302006501718,0.43970057640970184,0.192645540908709,S3
01547700,dPL,dPL,Base-CN,0.20568848439671178,0.79662807457510887,0.15617299826603501,S3
01548500,dPL,dPL,Base-CN,0.18833270742973485,0.72940943942151681,0.20208863048231901,S3
01549500,dPL,dPL,Base-CN,0.17186238609494026,0.6656201591851727,0.186519052942025,S3
01550000,dPL,dPL,Base-CN,0.12895323630064309,0.49943373663194041,0.17982551285457399,S3
01552000,dPL,dPL,Base-CN,0.17569039043261953,0.68044595623421433,0.17305912288721001,S3
01552500,dPL,dPL,Base-CN,0.1565509030794561,0.60631904046046481,0.18516970797955501,S3
01557500,dPL,dPL,Base-CN,0.20265639183578149,0.78488483058246639,0.15867182381750999,S3
01567500,dPL,dPL,Base-CN,0.22584597647437465,0.87469770569320515,0.12603606593838301,S2
01568000,dPL,dPL,Base-CN,0.18733438284754961,0.72554294494060401,0.12851085803135801,S2
01580000,dPL,dPL,Base-CN,0.27285631914336633,1.0567679799497138,0.081688092395438602,S2
01583500,dPL,dPL,Base-CN,0.14279235550246486,0.55303241482677534,0.080728649763762497,S2
01586610,dPL,dPL,Base-CN,0.10000002711800753,0.38729843964833321,0.088413478566146994,S2
01591400,dPL,dPL,Base-CN,0.13405079013094409,0.51917647772309194,0.083876422731703204,S2
01594950,dPL,dPL,Base-CN,0.11268838922749259,0.4364402547890181,0.18921429733490799,S3
01596500,dPL,dPL,Base-CN,0.174138669292836,0.67443616610187473,0.188402157557544,S3
01605500,dPL,dPL,Base-CN,0.17539999227386549,0.67932124900159063,0.137136101417764,S2
01606500,dPL,dPL,Base-CN,0.22143976811339161,0.85763253409119788,0.14875051892129501,S2
01632000,dPL,dPL,Base-CN,0.2253471491128983,0.87276575562957459,0.110024870103334,S2
01632900,dPL,dPL,Base-CN,0.21306302147522832,0.82518953386619254,0.098076329237385504,S2
01634500,dPL,dPL,Base-CN,0.092099663561612907,0.35670046316543291,0.114828393813144,S2
01638480,dPL,dPL,Base-CN,0.18001098675636379,0.69717955384176089,0.084558382348827899,S2
01639500,dPL,dPL,Base-CN,0.1351939004272279,0.5236037248634775,0.096126350142111294,S2
01644000,dPL,dPL,Base-CN,0.082286161545050626,0.31869293328731424,0.084351798741143999,S2
01664000,dPL,dPL,Base-CN,0.10776428813522909,0.41736929326363981,0.082796425784603694,S2
01666500,dPL,dPL,Base-CN,0.19089215894092637,0.73932215249978706,0.082255397803329494,S2
01667500,dPL,dPL,Base-CN,0.25602072925786556,0.99156402069959138,0.078811793477170905,S2
01669000,dPL,dPL,Base-CN,0.23883453569559718,0.9250021792482287,0.041205983243048597,S1
01669520,dPL,dPL,Base-CN,0.11777435941140865,0.45613813261063246,0.0368199149910729,S1
02011400,dPL,dPL,Base-CN,0.15598414190176879,0.60412398385800503,0.129154721501962,S2
02013000,dPL,dPL,Base-CN,0.14292013777441334,0.55352731343797246,0.097914337240757404,S2
02014000,dPL,dPL,Base-CN,0.22096780856045078,0.85580464260257461,0.097868084176085807,S2
02015700,dPL,dPL,Base-CN,0.096580640568124973,0.37405521248639245,0.12856724871879599,S2
02016000,dPL,dPL,Base-CN,0.20264512482130875,0.78484119362305205,0.10207736342912301,S2
02017500,dPL,dPL,Base-CN,0.19209126692625136,0.7439662777572551,0.090184526556801398,S2
02018000,dPL,dPL,Base-CN,0.10427240219406668,0.40384527716666196,0.084968614429657099,S2
02027000,dPL,dPL,Base-CN,0.15473239471869776,0.59927598786430891,0.090473222381479299,S2
02027500,dPL,dPL,Base-CN,0.069552992041740577,0.26937757985655825,0.10078601830768701,S2
02028500,dPL,dPL,Base-CN,0.099634951946644706,0.38588450958953119,0.080256957904830104,S2
02038850,dPL,dPL,Base-CN,0.11757587771205852,0.45536941629452243,0.065522597851002701,S2
02046000,dPL,dPL,Base-CN,0.072395340632206984,0.28038594861155081,0.045372826808436698,S1
02051500,dPL,dPL,Base-CN,0.079611904816066323,0.30833558151247492,0.052551496570471097,S2
02053200,dPL,dPL,Base-CN,0.13011749263089953,0.50394288200974013,0.024831683184578401,S1
02053800,dPL,dPL,Base-CN,0.14863832034822183,0.57567373931690624,0.093817255030013605,S2
02055100,dPL,dPL,Base-CN,0.069905894552253128,0.27074436540260816,0.062211991887398198,S2
02056900,dPL,dPL,Base-CN,0.1013991745786913,0.39271731446244984,0.064605937280813694,S2
02059500,dPL,dPL,Base-CN,0.02628444242930892,0.10179920779306106,0.052938916295318099,S2
02064000,dPL,dPL,Base-CN,0.064215333582171644,0.24870491753490465,0.060601169259616297,S2
02065500,dPL,dPL,Base-CN,0.092765164672192882,0.35927793788359164,0.061713997073264901,S2
02069700,dPL,dPL,Base-CN,0.068595980692597161,0.26567109083919432,0.053395158761216803,S2
02070000,dPL,dPL,Base-CN,0.098699592091684205,0.38226187644855819,0.0508621647943431,S2
02074500,dPL,dPL,Base-CN,0.045815852268458516,0.17744403282803914,0.052469020841380901,S2
02077200,dPL,dPL,Base-CN,0.040270321484171465,0.15596628445461483,0.0489889008542847,S1
02081500,dPL,dPL,Base-CN,0.1199234546609701,0.4644615427215974,0.043624771397296799,S1
02082950,dPL,dPL,Base-CN,0.05647383905475744,0.21872223815547356,0.0329927432325966,S1
02092500,dPL,dPL,Base-CN,0.064933804168324144,0.25148754214981311,0.0120832517590196,S1
02096846,dPL,dPL,Base-CN,0.087951768303962105,0.34063573391073854,0.039252545203284903,S1
02102908,dPL,dPL,Base-CN,0.03386757484792248,0.13116855336243693,0.0235111757954398,S1
02108000,dPL,dPL,Base-CN,0.12769501664166416,0.49456067284684424,0.0092819261110396005,S1
02111180,dPL,dPL,Base-CN,0.062621591352923528,0.24253238042287922,0.0460568781002514,S1
02111500,dPL,dPL,Base-CN,0.13229204367175579,0.51236488197645447,0.052369251671881403,S2
02112120,dPL,dPL,Base-CN,0.026706029519062483,0.10343200757065267,0.052404975160738797,S2
02112360,dPL,dPL,Base-CN,0.074477727959260581,0.28845100004958268,0.053113627447001398,S2
02118500,dPL,dPL,Base-CN,0.065822422856186585,0.25492914752903306,0.041370835021144102,S1
02125000,dPL,dPL,Base-CN,0.044294371366772715,0.17155136263423737,0.024791233169001101,S1
02128000,dPL,dPL,Base-CN,0.10729983195080466,0.41557046219632093,0.025670443380134599,S1
02137727,dPL,dPL,Base-CN,0.087180851800247094,0.33764998713053385,0.040531531076179503,S1
02140991,dPL,dPL,Base-CN,0.14106190858806489,0.54633042274580823,0.042038466834978201,S1
02143000,dPL,dPL,Base-CN,0.17201751470626594,0.66622096971335742,0.031326215681695198,S1
02143040,dPL,dPL,Base-CN,0.040184213988234539,0.15563279155686749,0.034561069845200097,S1
02149000,dPL,dPL,Base-CN,0.046112117203029969,0.17859146198569961,0.029590457635321001,S1
02152100,dPL,dPL,Base-CN,0.095193548341924727,0.36868302739466507,0.030080746914399902,S1
02177000,dPL,dPL,Base-CN,0.06998671285022115,0.27105737332470708,0.026739557459190599,S1
02178400,dPL,dPL,Base-CN,0.106134332320279,0.41105650153728412,0.033836252850455002,S1
02193340,dPL,dPL,Base-CN,0.1898204238805801,0.73517134045951937,0.012744882834630499,S1
02196000,dPL,dPL,Base-CN,0.19956418832090628,0.77290877786627066,0.014697822503636999,S1
02198100,dPL,dPL,Base-CN,0.068141916770781116,0.26391250883188716,0.0030935926215691998,S1
02202600,dPL,dPL,Base-CN,0.047463852357407167,0.18382670972708562,0.00045680489760400002,S1
02212600,dPL,dPL,Base-CN,0.068562756736594871,0.26554241501090231,0.0090237999831922003,S1
02215100,dPL,dPL,Base-CN,0.061555401556427157,0.23840304509715249,0.0010333057458655,S1
02216180,dPL,dPL,Base-CN,0.060332058406436836,0.23366505745054306,0.000534865436369,S1
02221525,dPL,dPL,Base-CN,0.085829160192223752,0.33241490804345114,0.0095385192188569001,S1
02231000,dPL,dPL,Base-CN,0.04270857111042696,0.16540958465099884,0.00023591806539820001,S1
02245500,dPL,dPL,Base-CN,0.076480407417109098,0.29620734423762174,0.00043662854245879999,S1
02246000,dPL,dPL,Base-CN,0.062317301836493783,0.2413538721933213,0.00033269222309739998,S1
02296500,dPL,dPL,Base-CN,0.06746214732284242,0.26127977308076,0,S1
02297155,dPL,dPL,Base-CN,0.11743103621081191,0.45480844757235461,0,S1
02297310,dPL,dPL,Base-CN,0.070822540426143471,0.27429451960655521,0,S1
02298123,dPL,dPL,Base-CN,0.071130882716085586,0.27548872416043246,0,S1
02298608,dPL,dPL,Base-CN,0.1174402383497993,0.45484408730340231,0,S1
02299950,dPL,dPL,Base-CN,0.14831489630781722,0.57442112339465601,0,S1
02300700,dPL,dPL,Base-CN,0.086959923131583433,0.33679433407609977,0,S1
02342933,dPL,dPL,Base-CN,0.32202715472558269,1.2472058072787409,0.0027962712555371998,S1
02349900,dPL,dPL,Base-CN,0.10782544194685091,0.41760614095760823,0.0010817469729247999,S1
02350900,dPL,dPL,Base-CN,0.097082419118332916,0.37599859245483191,0.001767717746493,S1
02361000,dPL,dPL,Base-CN,0.10074850840876282,0.39019729522237634,0.0015124422847458,S1
02363000,dPL,dPL,Base-CN,0.059075037141593963,0.22879663502597802,0.0026556564479945999,S1
02369800,dPL,dPL,Base-CN,0.029434242054766156,0.1139983292863473,0.0008723526438152,S1
02371500,dPL,dPL,Base-CN,0.089315302199978075,0.34591667798199777,0.0040171402581935002,S1
02372250,dPL,dPL,Base-CN,0.025381643973500279,0.098302684408732424,0.0034759991435445998,S1
02374500,dPL,dPL,Base-CN,0.033810600501865046,0.13094789266899545,0.0030425564536236999,S1
02381600,dPL,dPL,Base-CN,0.039599553512099525,0.15336841126961087,0.016637786516778299,S1
02384540,dPL,dPL,Base-CN,0.31609567509279318,1.2242332854425786,0.0316827871052048,S1
02395120,dPL,dPL,Base-CN,0.16209960328280995,0.6278090639411521,0.012489410422660399,S1
02415000,dPL,dPL,Base-CN,0.080011662689771404,0.30988383709984996,0.0124691410953683,S1
02427250,dPL,dPL,Base-CN,0.077410884851490988,0.29981106784500461,0.0031810787432098001,S1
02430085,dPL,dPL,Base-CN,0.11155976746465758,0.43206912149739085,0.0126767241295668,S1
02450250,dPL,dPL,Base-CN,0.031017126559161997,0.12012881461084218,0.0142864105715527,S1
02464000,dPL,dPL,Base-CN,0.23123690036031241,0.89557666412411385,0.011217518412828,S1
02464360,dPL,dPL,Base-CN,0.052292824246359795,0.20252923743230289,0.0095365763059720998,S1
02465493,dPL,dPL,Base-CN,0.06413023996897918,0.24837535138814162,0.0073106547528565997,S1
02469800,dPL,dPL,Base-CN,0.23086582723007473,0.89413950407047815,0.0031716493980549999,S1
02472000,dPL,dPL,Base-CN,0.071185227670816975,0.27569920126505754,0.0060147222598052998,S1
02472500,dPL,dPL,Base-CN,0.10286106268675035,0.39837918275898127,0.0024543898713559999,S1
02479155,dPL,dPL,Base-CN,0.098737261889251304,0.38240777094719058,0.0018026132328254,S1
02479300,dPL,dPL,Base-CN,0.033961644810961936,0.13153288476266711,0.00074128654859820003,S1
02479560,dPL,dPL,Base-CN,0.10679089866382857,0.41359937205153197,0.00088818417707390001,S1
02481000,dPL,dPL,Base-CN,0.11320385330689933,0.43843663858412857,0.00036539777361620002,S1
02481510,dPL,dPL,Base-CN,0.17301886017826948,0.6700991640502274,0.00076225450768519995,S1
03010655,dPL,dPL,Base-CN,0.10571637672978888,0.40943776649586167,0.20726175933809901,S3
03011800,dPL,dPL,Base-CN,0.2963799591042045,1.1478746457602194,0.210192690903197,S3
03015500,dPL,dPL,Base-CN,0.23680351247333839,0.91713606013265991,0.192038519147369,S3
03021350,dPL,dPL,Base-CN,0.3024476305609014,1.1713746362622646,0.208263538884948,S3
03026500,dPL,dPL,Base-CN,0.3304919186155742,1.2799896968542559,0.20981494015044599,S3
03028000,dPL,dPL,Base-CN,0.39292226453748619,1.5217813869077892,0.203474312123818,S3
03049000,dPL,dPL,Base-CN,0.30727777292262132,1.1900816971890167,0.139333377128464,S2
03049800,dPL,dPL,Base-CN,0.32725997716455463,1.2674724414385397,0.11634190936220901,S2
03050000,dPL,dPL,Base-CN,0.36143454347803022,1.3998299676344916,0.15896445715893401,S3
03069500,dPL,dPL,Base-CN,0.25063208476884025,0.97069389033496389,0.19464463043211599,S3
03070500,dPL,dPL,Base-CN,0.2905618914513578,1.125341366633636,0.14472559244248501,S2
03076600,dPL,dPL,Base-CN,0.34465787703816259,1.3348542179080074,0.18939550051741899,S3
03078000,dPL,dPL,Base-CN,0.30029676972263414,1.1630443880556458,0.194625437344426,S3
03140000,dPL,dPL,Base-CN,0.16968559180305054,0.65718947114456461,0.089458478461506605,S2
03144000,dPL,dPL,Base-CN,0.21629587127427299,0.83771030729868257,0.093602404857988694,S2
03170000,dPL,dPL,Base-CN,0.2183320490439094,0.84559638989040209,0.094558583623872094,S2
03173000,dPL,dPL,Base-CN,0.43048657318688238,1.6672673287186959,0.094200099357257303,S2
03180500,dPL,dPL,Base-CN,0.43966012196875148,1.7027963303764961,0.19530302328476401,S3
03182500,dPL,dPL,Base-CN,0.12341414735149556,0.47798093737873049,0.17025308114365501,S3
03186500,dPL,dPL,Base-CN,0.13751029124259753,0.53257506791471187,0.1907316712122,S3
03237280,dPL,dPL,Base-CN,0.089937570859818947,0.34832671413842825,0.084730638123859794,S2
03237500,dPL,dPL,Base-CN,0.15064042329496968,0.58342785068705338,0.078710401691654802,S2
03238500,dPL,dPL,Base-CN,0.14440792087675952,0.55928947261612794,0.074738531297333405,S2
03241500,dPL,dPL,Base-CN,0.19108417634414582,0.74006583270463799,0.077946751954855398,S2
03280700,dPL,dPL,Base-CN,0.23224896030549369,0.89949635543716444,0.058446084784334301,S2
03281500,dPL,dPL,Base-CN,0.31365641981738623,1.2147860903837788,0.044067880842997002,S1
03285000,dPL,dPL,Base-CN,0.25332567424412616,0.98112611751426582,0.0446468108120254,S1
03291780,dPL,dPL,Base-CN,0.36390279471669384,1.4093894635760917,0.067368653261533101,S2
03338780,dPL,dPL,Base-CN,0.32025070196399685,1.2403256353177947,0.072550319375576905,S2
03340800,dPL,dPL,Base-CN,0.43693905067173849,1.6922576665593219,0.073228668042685893,S2
03346000,dPL,dPL,Base-CN,0.1458584887976902,0.56490749801643525,0.062106965296944497,S2
03364500,dPL,dPL,Base-CN,0.22548019562235902,0.87328104254498695,0.080417057581499404,S2
03366500,dPL,dPL,Base-CN,0.15567705367436874,0.60293463626746835,0.059067129172147001,S2
03368000,dPL,dPL,Base-CN,0.18721177520992835,0.72506808760197905,0.067085866366636396,S2
03384450,dPL,dPL,Base-CN,0.23407303499485554,0.90656096633130134,0.049672530624243601,S1
03439000,dPL,dPL,Base-CN,0.19936008722369253,0.77211829771581919,0.037466091820604903,S1
03455500,dPL,dPL,Base-CN,0.24325986245481998,0.94214139608822467,0.077431416620489704,S2
03456500,dPL,dPL,Base-CN,0.33544020999355562,1.2991543469533595,0.063873676649555802,S2
03460000,dPL,dPL,Base-CN,0.26797725786577314,1.03787145687647,0.077253343718732007,S2
03463300,dPL,dPL,Base-CN,0.16219437052023752,0.62817609587347512,0.0849163900758962,S2
03471500,dPL,dPL,Base-CN,0.17060272404545962,0.66074150904568474,0.083871169608870796,S2
03473000,dPL,dPL,Base-CN,0.16907347771652328,0.6548187634814655,0.083266733051582498,S2
03479000,dPL,dPL,Base-CN,0.17819015281306774,0.690127494303166,0.090417123752087894,S2
03488000,dPL,dPL,Base-CN,0.20987790489207242,0.81285363038390068,0.081549051514082205,S2
03498500,dPL,dPL,Base-CN,0.21596154175077667,0.83641545462203581,0.034370778926631498,S1
03500000,dPL,dPL,Base-CN,0.058086641374548803,0.2249685946807502,0.029248917912040599,S1
03500240,dPL,dPL,Base-CN,0.12088332060247156,0.46817908752762427,0.029394718558517,S1
03504000,dPL,dPL,Base-CN,0.2502675559537974,0.96928207630509033,0.058991229141726297,S2
03574500,dPL,dPL,Base-CN,0.22248255863367691,0.86167124440984588,0.0200681785915394,S1
03592718,dPL,dPL,Base-CN,0.14875012251550249,0.57610674724885402,0.014910912031414401,S1
03604000,dPL,dPL,Base-CN,0.13348409573146389,0.51698167975151621,0.025599076093284399,S1
04015330,dPL,dPL,Base-CN,0.21393696309804713,0.82857429521692727,0.19607939008931799,S3
04024430,dPL,dPL,Base-CN,0.093118356899182714,0.36064584549673318,0.16086675873940001,S3
04027000,dPL,dPL,Base-CN,0.1248316589583834,0.48347093622526277,0.23500008473092299,S3
04040500,dPL,dPL,Base-CN,0.1093012670143962,0.42332198686612654,0.30960760043406699,S4
04043050,dPL,dPL,Base-CN,0.1924022476538555,0.74517070093625737,0.299401075000363,S3
04045500,dPL,dPL,Base-CN,0.10782669959384124,0.41761101180345717,0.30007981527701799,S4
04057510,dPL,dPL,Base-CN,0.14868290831220646,0.57584642775885986,0.25313469288636897,S3
04057800,dPL,dPL,Base-CN,0.082276931505002232,0.31865718549592198,0.33424673648474801,S4
04059500,dPL,dPL,Base-CN,0.10594216955318328,0.41031225834056129,0.235319790957285,S3
04063700,dPL,dPL,Base-CN,0.12356196124054653,0.47855341810936303,0.21196610998486901,S3
04074950,dPL,dPL,Base-CN,0.1255043909582261,0.48607641605711432,0.20327298331476901,S3
04105700,dPL,dPL,Base-CN,0.079695898159501483,0.3086608863327916,0.15457894366362401,S3
04115265,dPL,dPL,Base-CN,0.092788668361835538,0.35936896728215212,0.17692366303835999,S3
04122200,dPL,dPL,Base-CN,0.15612184954685254,0.60465732327405974,0.175430988197981,S3
04122500,dPL,dPL,Base-CN,0.058382041349233117,0.22611267386317266,0.18431791306315101,S3
04127918,dPL,dPL,Base-CN,0.059563678712221672,0.23068913569128377,0.29025406037326201,S3
04127997,dPL,dPL,Base-CN,0.11240046663752419,0.43532513539307355,0.26806161510467302,S3
04161580,dPL,dPL,Base-CN,0.06924549081579992,0.26818663272955173,0.15767314702308599,S3
04185000,dPL,dPL,Base-CN,0.15587851363162508,0.60371488732684975,0.12520344899268601,S2
04196800,dPL,dPL,Base-CN,0.1407216134915141,0.54501246550407101,0.099311648741759004,S2
04197100,dPL,dPL,Base-CN,0.12957173833507146,0.5018291847108769,0.11186376081024101,S2
04197170,dPL,dPL,Base-CN,0.049562132722984133,0.19195331463863918,0.10758495614117,S2
04213000,dPL,dPL,Base-CN,0.12776057863046128,0.4948145933375997,0.16222733846553899,S3
04213075,dPL,dPL,Base-CN,0.11736230796117039,0.45454226420607907,0.16065507084862399,S3
04216418,dPL,dPL,Base-CN,0.12743708302609158,0.49356170024930457,0.22539387678926401,S3
04221000,dPL,dPL,Base-CN,0.16568333716243361,0.64168880557417374,0.20721475316622401,S3
04224775,dPL,dPL,Base-CN,0.11321736159218615,0.43848895594808024,0.20465019058735701,S3
04233000,dPL,dPL,Base-CN,0.17880718511289265,0.69251725012445997,0.16953232937769699,S3
04256000,dPL,dPL,Base-CN,0.14750943168344832,0.57130157231851597,0.27970358450698901,S3
04296000,dPL,dPL,Base-CN,0.10182449256276638,0.39436456393161512,0.27331782642230701,S3
05057200,dPL,dPL,Base-CN,0.16335861094703719,0.63268517965745164,0.141789208175196,S2
05120500,dPL,dPL,Base-CN,0.26608719207649878,1.0305512635513738,0.19176626992326001,S3
05291000,dPL,dPL,Base-CN,0.19004663255804141,0.73604744290009461,0.14887450091553101,S2
05362000,dPL,dPL,Base-CN,0.2739577490539315,1.0610337996503474,0.174430982504896,S3
05393500,dPL,dPL,Base-CN,0.14718826978862584,0.57005771764843216,0.19616986570514999,S3
05399500,dPL,dPL,Base-CN,0.10491348206956544,0.40632816884805739,0.15695825592339699,S3
05408000,dPL,dPL,Base-CN,0.089035738198331799,0.34483393125942263,0.140156645371,S2
05413500,dPL,dPL,Base-CN,0.17880171367558004,0.69249605933886837,0.124159245932601,S2
05414000,dPL,dPL,Base-CN,0.10768620357480846,0.41706687306153473,0.12354229376961599,S2
05444000,dPL,dPL,Base-CN,0.07669770732688963,0.29704894316933411,0.113352332875094,S2
05454000,dPL,dPL,Base-CN,0.11964071154253104,0.46336648333262825,0.102381239516297,S2
05458000,dPL,dPL,Base-CN,0.17824740081331417,0.69034921485472422,0.122540965691067,S2
05466500,dPL,dPL,Base-CN,0.081394988933170279,0.31524143660290549,0.107102802145215,S2
05487980,dPL,dPL,Base-CN,0.096511288611087348,0.37378661351175885,0.096451916764193804,S2
05488200,dPL,dPL,Base-CN,0.13723028896095807,0.53149062374102218,0.10182137585369,S2
05489000,dPL,dPL,Base-CN,0.10499140582416733,0.40662996625190445,0.097742468170802801,S2
05495000,dPL,dPL,Base-CN,0.17649540338307609,0.68356375798481384,0.096562358958928798,S2
05495500,dPL,dPL,Base-CN,0.10323985710215115,0.39984624722146489,0.075832497098455603,S2
05501000,dPL,dPL,Base-CN,0.060127269234942556,0.2328719123998621,0.080596593308346703,S2
05503800,dPL,dPL,Base-CN,0.059835578420761537,0.23174219873429733,0.083284385798275407,S2
05507600,dPL,dPL,Base-CN,0.12533376811365521,0.48541559662160877,0.074263389299809704,S2
05508805,dPL,dPL,Base-CN,0.13243412109267233,0.51291514546153627,0.075793058486454998,S2
05525500,dPL,dPL,Base-CN,0.1362555278490849,0.52771539018820668,0.0775662992910571,S2
05556500,dPL,dPL,Base-CN,0.11819743161202213,0.45777668419785184,0.10698781455937301,S2
05584500,dPL,dPL,Base-CN,0.053726428766979958,0.20808156386571244,0.086476558666704201,S2
05591550,dPL,dPL,Base-CN,0.22520074472064633,0.87219873385657098,0.069251605496358504,S2
05592050,dPL,dPL,Base-CN,0.10813322041878054,0.41879816185371282,0.074088928749531296,S2
05592575,dPL,dPL,Base-CN,0.096413392854459962,0.37340746487667659,0.063880192405021505,S2
05593575,dPL,dPL,Base-CN,0.059487605366241571,0.23039450488921256,0.0547473552431735,S2
05593900,dPL,dPL,Base-CN,0.18140768267132584,0.70258893386012478,0.073433925873910497,S2
05595730,dPL,dPL,Base-CN,0.20751638699367272,0.80370751089162784,0.056671646693579998,S2
06221400,dPL,dPL,Base-CN,0.049675962684248849,0.19239417618291688,0.71482675240544402,S5
06224000,dPL,dPL,Base-CN,0.11208603966070621,0.43410736494825913,0.69390135093610406,S5
06278300,dPL,dPL,Base-CN,0.07239397306568926,0.28038065204920282,0.73286223533475703,S5
06280300,dPL,dPL,Base-CN,0.085561174848755056,0.33137700527116926,0.66677348891514598,S5
06289000,dPL,dPL,Base-CN,0.10882217040175376,0.42146645366413804,0.58364280643004396,S5
06291500,dPL,dPL,Base-CN,0.31569075318224071,1.2226650296264945,0.40477281669443099,S4
06311000,dPL,dPL,Base-CN,0.3168567855430367,1.2271810535409962,0.57382796016243998,S5
06332515,dPL,dPL,Base-CN,0.52401285789284713,2.0294930718175506,0.17391461539417499,S3
06339100,dPL,dPL,Base-CN,0.54538350141844749,2.1122612182899365,0.16034927400429499,S3
06344600,dPL,dPL,Base-CN,0.54678460620743707,2.1176876738039843,0.16262403328986699,S3
06350000,dPL,dPL,Base-CN,0.49461390637389641,1.9156314221886954,0.16491332783033799,S3
06352000,dPL,dPL,Base-CN,0.34067896573667572,1.3194439607013122,0.168403955596369,S3
06404000,dPL,dPL,Base-CN,0.26478515179454243,1.0255084832232657,0.191294358675479,S3
06406000,dPL,dPL,Base-CN,0.35526802527562629,1.3759471453324963,0.16783287835102101,S3
06409000,dPL,dPL,Base-CN,0.19386505188518907,0.75083611736297406,0.34333717661180801,S4
06431500,dPL,dPL,Base-CN,0.27736264755693446,1.0742209148480044,0.36993144167526998,S4
06440200,dPL,dPL,Base-CN,0.29040287176809332,1.1247254860486335,0.14080585013704799,S2
06447500,dPL,dPL,Base-CN,0.3114455438082937,1.206223404420034,0.15564917641478301,S3
06470800,dPL,dPL,Base-CN,0.30565957037009472,1.1838144256522909,0.14718946482150999,S2
06477500,dPL,dPL,Base-CN,0.13413265532818933,0.51949354026865679,0.13238112465899399,S2
06479215,dPL,dPL,Base-CN,0.089937590775304235,0.3483267912707711,0.16475142232179599,S3
06601000,dPL,dPL,Base-CN,0.29949639853195226,1.1599445637633505,0.105879368005318,S2
06614800,dPL,dPL,Base-CN,0.14128611782362394,0.54719878138119438,0.76047673809198701,S5
06622700,dPL,dPL,Base-CN,0.1818237577296308,0.70420038563171217,0.717691988588396,S5
06623800,dPL,dPL,Base-CN,0.25870737528537852,1.0019693560213032,0.75393560905957202,S5
06632400,dPL,dPL,Base-CN,0.296234576577737,1.147311581656381,0.74451186962064497,S5
06746095,dPL,dPL,Base-CN,0.098512374544655112,0.38153678600679669,0.72874428949206904,S5
06803510,dPL,dPL,Base-CN,0.12021290734314655,0.46558258813918191,0.094047593498377699,S2
06803530,dPL,dPL,Base-CN,0.19236393530780937,0.74502231785806672,0.099195857766623693,S2
06814000,dPL,dPL,Base-CN,0.50757638503809099,1.96583488618069,0.090284208845601094,S2
06847900,dPL,dPL,Base-CN,0.43928286197748201,1.7013352087131193,0.102382584534704,S2
06853800,dPL,dPL,Base-CN,0.36618012677897005,1.4182095327270716,0.10413574193330501,S2
06876700,dPL,dPL,Base-CN,0.4194148130312258,1.624386586022635,0.079611385421626199,S2
06878000,dPL,dPL,Base-CN,0.55633563895665994,2.1546786645808065,0.072786712138281195,S2
06879650,dPL,dPL,Base-CN,0.2144415403644904,0.83052851456673693,0.067249733519004803,S2
06885500,dPL,dPL,Base-CN,0.13204006913656452,0.51138898879799033,0.084298726218757197,S2
06888500,dPL,dPL,Base-CN,0.1323743529962513,0.51268366461946324,0.070371965584880597,S2
06889200,dPL,dPL,Base-CN,0.13164028640512346,0.50984063693701775,0.071615249614107798,S2
06889500,dPL,dPL,Base-CN,0.11105719715226385,0.43012267504719165,0.069599735811631994,S2
06892000,dPL,dPL,Base-CN,0.039756455288744975,0.15397608923754907,0.071517824945699096,S2
06903400,dPL,dPL,Base-CN,0.33626906991020117,1.3023645076068666,0.097926267850113602,S2
06906800,dPL,dPL,Base-CN,0.14458376595797751,0.55997051768719774,0.0604504736826071,S2
06910800,dPL,dPL,Base-CN,0.10454736274952103,0.40491019481880058,0.061306635809200302,S2
06911900,dPL,dPL,Base-CN,0.12968379330972732,0.50226317176157875,0.061853160375396198,S2
06917000,dPL,dPL,Base-CN,0.13572464154737215,0.52565927638294352,0.051070204703279998,S2
06918460,dPL,dPL,Base-CN,0.12994885848108403,0.50328976475590292,0.049858846867926403,S1
06919500,dPL,dPL,Base-CN,0.1427233048784538,0.55276498290993537,0.049446608376687601,S1
06921070,dPL,dPL,Base-CN,0.071220261337329435,0.27583488607201684,0.060123837283451602,S2
06921200,dPL,dPL,Base-CN,0.096548382291211737,0.37393027671713014,0.057255427061220401,S2
07057500,dPL,dPL,Base-CN,0.14839578906582024,0.57473441969923056,0.056439436709580702,S2
07060710,dPL,dPL,Base-CN,0.24639438163701438,0.95428133667923132,0.050998483129256901,S2
07066000,dPL,dPL,Base-CN,0.072961756325075483,0.28257966715706101,0.056231313719669503,S2
07083000,dPL,dPL,Base-CN,0.10073738542083462,0.39015421607537032,0.71059994783690705,S5
07142300,dPL,dPL,Base-CN,0.19148969897637472,0.74163641510577072,0.086791678000222694,S2
07145700,dPL,dPL,Base-CN,0.10469629211107964,0.40548699575587843,0.061761151970406797,S2
07167500,dPL,dPL,Base-CN,0.10350583993030488,0.40087639428528149,0.0520689190916616,S2
07180500,dPL,dPL,Base-CN,0.056113119207323245,0.21732517619371447,0.055784620682848597,S2
07184000,dPL,dPL,Base-CN,0.3014318241194654,1.1674404348316125,0.045357617584439701,S1
07195800,dPL,dPL,Base-CN,0.073346934687108359,0.28407145653853377,0.0482364215180522,S1
07196900,dPL,dPL,Base-CN,0.46509798736920355,1.8013167594355128,0.046098631504051898,S1
07197000,dPL,dPL,Base-CN,0.089375207403571785,0.34614868983786734,0.040801094475572598,S1
07208500,dPL,dPL,Base-CN,0.27477986090013634,1.0642178251394188,0.33313498367948202,S4
07261000,dPL,dPL,Base-CN,0.19738672935466525,0.76447551555296911,0.0378060990134872,S1
07263295,dPL,dPL,Base-CN,0.1255420759974801,0.48622236958654624,0.031045510728190399,S1
07291000,dPL,dPL,Base-CN,0.13195013550052492,0.51104067732334513,0.003569389743915,S1
07299670,dPL,dPL,Base-CN,0.090289747996697256,0.34969069032447292,0.029132353452169999,S1
07301410,dPL,dPL,Base-CN,0.12208061550244532,0.47281619073572173,0.075416759135817094,S2
07315200,dPL,dPL,Base-CN,0.074181871216229905,0.28730515181096178,0.0162560388991893,S1
07315700,dPL,dPL,Base-CN,0.17227380051783414,0.66721356039343027,0.020816122880173701,S1
07335700,dPL,dPL,Base-CN,0.12042528028977618,0.46640510502466342,0.043016296074112899,S1
07340300,dPL,dPL,Base-CN,0.061491114935552579,0.2381540640851213,0.038567805450922303,S1
07346045,dPL,dPL,Base-CN,0.14540462485567401,0.56314969052756247,0.016889793856234799,S1
07359610,dPL,dPL,Base-CN,0.23318787343708544,0.90313275035935481,0.030179024861366099,S1
07362100,dPL,dPL,Base-CN,0.050909041454884556,0.19716986972615089,0.018323465791703498,S1
07362587,dPL,dPL,Base-CN,0.16009449475705681,0.62004331201357166,0.036638066886185101,S1
07375000,dPL,dPL,Base-CN,0.11713504545633414,0.4536620803096309,0.00050816552542139995,S1
08013000,dPL,dPL,Base-CN,0.071318543958883041,0.27621553302851559,0.0032863361803717002,S1
08014500,dPL,dPL,Base-CN,0.090644413609798621,0.35106430433748698,0.0022457658116512998,S1
08023080,dPL,dPL,Base-CN,0.078033612887755247,0.30222288315867257,0.0072046599774758004,S1
08050800,dPL,dPL,Base-CN,0.071793654810514099,0.27805562944448509,0.019672896878614302,S1
08066200,dPL,dPL,Base-CN,0.14336656629355279,0.55525632365787159,0.0023206818433828,S1
08066300,dPL,dPL,Base-CN,0.045794843929841095,0.17736266788244237,0.0017530511421341001,S1
08070000,dPL,dPL,Base-CN,0.073194761111619461,0.28348209081493242,0.0023807368074233001,S1
08070200,dPL,dPL,Base-CN,0.067639169736649352,0.26196537794133967,0.0024550978464836998,S1
08082700,dPL,dPL,Base-CN,0.19589390176390239,0.75869381915518563,0.012802138484555799,S1
08086212,dPL,dPL,Base-CN,0.074737985003253654,0.28945897124670106,0.013186231396444901,S1
08086290,dPL,dPL,Base-CN,0.11629461885655587,0.45040712208497991,0.0128799846435909,S1
08101000,dPL,dPL,Base-CN,0.1438573188893611,0.5571570002885452,0.0091795525039557006,S1
08103900,dPL,dPL,Base-CN,0.088417535182692852,0.34243964127527782,0.0092842421517583002,S1
08104900,dPL,dPL,Base-CN,0.16778947764690208,0.64984585259529337,0.0093596117977167992,S1
08109700,dPL,dPL,Base-CN,0.075706470466118128,0.29320989931541919,0.0051361625387599001,S1
08150800,dPL,dPL,Base-CN,0.082755807300463335,0.32051186347664468,0.0082340595135767004,S1
08158700,dPL,dPL,Base-CN,0.081704624326455658,0.31644064932449617,0.0064753537654613997,S1
08158810,dPL,dPL,Base-CN,0.11143717618145575,0.43159432749915994,0.0058462589398928996,S1
08164300,dPL,dPL,Base-CN,0.26442308081515292,1.0241061883499452,0.0021354784821483001,S1
08164600,dPL,dPL,Base-CN,0.085612258104750968,0.33157484987091146,0.00089788311370859997,S1
08165300,dPL,dPL,Base-CN,0.13522157611436356,0.5237109123388487,0.0056160383836324004,S1
08171300,dPL,dPL,Base-CN,0.062878881499902256,0.24352886087727108,0.0043200262623378002,S1
08175000,dPL,dPL,Base-CN,0.074829132251769459,0.28981198302225547,0.0022293177664445001,S1
08176900,dPL,dPL,Base-CN,0.13932000103176967,0.53958404378964409,0.0018005933498891,S1
08178880,dPL,dPL,Base-CN,0.095000189388755985,0.36793415138920249,0.0030449353276083002,S1
08189500,dPL,dPL,Base-CN,0.13044774173214324,0.50522193127895698,0.0016287321026844999,S1
08190000,dPL,dPL,Base-CN,0.02481356384482666,0.096102519531068145,0.0037075564040486,S1
08190500,dPL,dPL,Base-CN,0.07356967882081876,0.28493414085885954,0.0044907633248583,S1
08194200,dPL,dPL,Base-CN,0.1728753636024338,0.66954340420177794,0.00055356012642720001,S1
08195000,dPL,dPL,Base-CN,0.036324225423201448,0.14068312012794326,0.0043576302166991997,S1
08196000,dPL,dPL,Base-CN,0.064671646720688827,0.25047221072103731,0.0023896281867178001,S1
08198500,dPL,dPL,Base-CN,0.23355077432204632,0.90453825944313215,0.0030982528891208001,S1
08200000,dPL,dPL,Base-CN,0.16222321973345913,0.62828782839583364,0.0026284470487445998,S1
08202700,dPL,dPL,Base-CN,0.20783112186080518,0.80492647379050264,0.0027620164933950002,S1
08267500,dPL,dPL,Base-CN,0.47159393357665569,1.8264754509148342,0.471388008193727,S4
08269000,dPL,dPL,Base-CN,0.45224658025419012,1.7515434737037343,0.40164568229828701,S4
08271000,dPL,dPL,Base-CN,0.50434643001041268,1.953325324149493,0.48400245009705001,S4
08324000,dPL,dPL,Base-CN,0.38013576249030712,1.4722594774228175,0.365429081915842,S4
08377900,dPL,dPL,Base-CN,0.23879030054251779,0.92483085723703529,0.466213354634129,S4
08378500,dPL,dPL,Base-CN,0.24106316148223425,0.93363360980480248,0.44998932898562399,S4
08380500,dPL,dPL,Base-CN,0.16152453988344331,0.62558185297239166,0.29110443114541401,S3
09035800,dPL,dPL,Base-CN,0.46364786176160278,1.7957004471073661,0.70371518166789104,S5
09035900,dPL,dPL,Base-CN,0.45550481900057449,1.7641625781064487,0.68982388541514394,S5
09047700,dPL,dPL,Base-CN,0.41364320080035638,1.6020332279717109,0.62694510072226095,S5
09065500,dPL,dPL,Base-CN,0.56511994809817345,2.1887001475938255,0.71553072566192599,S5
09066000,dPL,dPL,Base-CN,0.37033990740194445,1.4343202938037276,0.68227275661074704,S5
09066200,dPL,dPL,Base-CN,0.48232437168484266,1.8680342590053518,0.71221641813787495,S5
09066300,dPL,dPL,Base-CN,0.46465730224850932,1.7996099933021428,0.68831749726415203,S5
09081600,dPL,dPL,Base-CN,0.48941698507790371,1.8955038325577651,0.66474212387335996,S5
09107000,dPL,dPL,Base-CN,0.41929399964928643,1.623918677806385,0.67258302137250403,S5
09210500,dPL,dPL,Base-CN,0.41595991915746006,1.6110058395866262,0.65472507476900998,S5
09223000,dPL,dPL,Base-CN,0.43293782128365116,1.6767609717749039,0.698323179997837,S5
09306242,dPL,dPL,Base-CN,0.3226785135083462,1.2497285089967898,0.35800746386242999,S4
09312600,dPL,dPL,Base-CN,0.36057237434538886,1.3964908009421575,0.60472596359086095,S5
09352900,dPL,dPL,Base-CN,0.53274626578926831,2.0633174151560265,0.63389389874682101,S5
09378170,dPL,dPL,Base-CN,0.4488571310632094,1.7384161934342499,0.504005221672301,S5
09386900,dPL,dPL,Base-CN,0.36289908372010082,1.4055021076018814,0.30750754408043401,S4
09404450,dPL,dPL,Base-CN,0.25148082663723431,0.97398105345648311,0.42359993958506298,S4
09430600,dPL,dPL,Base-CN,0.17947161722106464,0.69509058461409556,0.21287165392999,S3
09447800,dPL,dPL,Base-CN,0.11740477734172988,0.45470674740970968,0.039482669927636597,S1
09484600,dPL,dPL,Base-CN,0.054427938302660586,0.21079849861460923,0.0101482581857307,S1
09492400,dPL,dPL,Base-CN,0.32856140256160637,1.2725128403276524,0.27176626170638502,S3
09494000,dPL,dPL,Base-CN,0.2365316068402393,0.91608297414392714,0.23555411047052199,S3
09497980,dPL,dPL,Base-CN,0.076835267616836248,0.29758171188139682,0.0796650506390503,S2
09505350,dPL,dPL,Base-CN,0.060232040044911249,0.23327768800203949,0.19893649250215201,S3
09505800,dPL,dPL,Base-CN,0.11065992759006767,0.42858405664885074,0.28406909937647501,S3
09508300,dPL,dPL,Base-CN,0.10573033934370141,0.40949184346701439,0.0401188085303456,S1
09510200,dPL,dPL,Base-CN,0.084341943144614309,0.32665494118586402,0.0061243701078093999,S1
09512280,dPL,dPL,Base-CN,0.058766807930270067,0.22760286842370592,0.0046420695661841998,S1
09513780,dPL,dPL,Base-CN,0.040299066042832711,0.15607761165160391,0.0042560892003910998,S1
10234500,dPL,dPL,Base-CN,0.45348916673346401,1.7563559904441846,0.632069679226265,S5
10244950,dPL,dPL,Base-CN,0.37107002092289543,1.4371480113112118,0.656356436998628,S5
10259000,dPL,dPL,Base-CN,0.36672449251021161,1.4203178521384161,0.033524900462137699,S1
10336645,dPL,dPL,Base-CN,0.39747079328006102,1.5393977629775273,0.66530487256572202,S5
10336660,dPL,dPL,Base-CN,0.40884656452399598,1.5834559355555526,0.66872784227053605,S5
10343500,dPL,dPL,Base-CN,0.34629285817779276,1.3411864726331582,0.71498124845069799,S5
11124500,dPL,dPL,Base-CN,0.18322185962295198,0.70961521098084623,0.0230381055615776,S1
11141280,dPL,dPL,Base-CN,0.12591912144791628,0.48768266033684898,0.00078778039240759998,S1
11143000,dPL,dPL,Base-CN,0.30825303115442187,1.193858856079032,0.025437939948626101,S1
11148900,dPL,dPL,Base-CN,0.32485036907999876,1.258140069456168,0.0035267946066840001,S1
11151300,dPL,dPL,Base-CN,0.43073234612345523,1.6682192032089911,0.0038403901400884,S1
11176400,dPL,dPL,Base-CN,0.3987586472340528,1.5443855998936848,0.016307003804813001,S1
11230500,dPL,dPL,Base-CN,0.41344364158317132,1.6012603384469706,0.90296367988160797,S5
11237500,dPL,dPL,Base-CN,0.31715659523230866,1.2283422114745781,0.74985696068569097,S5
11264500,dPL,dPL,Base-CN,0.31848643644208802,1.2334926643331539,0.90632692590848996,S5
11266500,dPL,dPL,Base-CN,0.12032431530084232,0.46601406930397254,0.88521745222356196,S5
11284400,dPL,dPL,Base-CN,0.25761396192161756,0.99773458427293638,0.036504723085011598,S1
11381500,dPL,dPL,Base-CN,0.28492184689060701,1.1034975679779804,0.16502613048620199,S3
11451100,dPL,dPL,Base-CN,0.24923165688718441,0.96527005647174624,0.12353635903492501,S2
11468500,dPL,dPL,Base-CN,0.21688323600247186,0.83998516110914634,0.00052420513384799998,S1
11473900,dPL,dPL,Base-CN,0.1499286652897035,0.58067122378612768,0.262478357358648,S3
11475560,dPL,dPL,Base-CN,0.15831921856510467,0.6131676968872225,0.13862933797159699,S2
11476600,dPL,dPL,Base-CN,0.12401149005405467,0.4802944357177204,0.0120106292964887,S1
11478500,dPL,dPL,Base-CN,0.12700457016033168,0.49188658512319605,0.15731442101992801,S3
11480390,dPL,dPL,Base-CN,0.5090158805848084,1.9714100284600664,0.29951250604617802,S3
11481200,dPL,dPL,Base-CN,0.48911481411391056,1.894333529446512,0.0016368255310897999,S1
11482500,dPL,dPL,Base-CN,0.54284372173035667,2.1024246938549247,0.013181204499064901,S1
11522500,dPL,dPL,Base-CN,0.52924290219803471,2.0497489463114693,0.24912977705789799,S3
11523200,dPL,dPL,Base-CN,0.51415947887678592,1.9913310989844761,0.43170715197688297,S4
11528700,dPL,dPL,Base-CN,0.4880804082915276,1.8903272929232029,0.27130532232750598,S3
11532500,dPL,dPL,Base-CN,0.39770693195177692,1.5403123241204786,0.048535376549699603,S1
12010000,dPL,dPL,Base-CN,0.58406030279429744,2.2620558259031749,0.0236362361738051,S1
12013500,dPL,dPL,Base-CN,0.4824049835273147,1.8683464673287533,0.0174156764185481,S1
12020000,dPL,dPL,Base-CN,0.42196266882654387,1.6342543890864401,0.043553396693618997,S1
12025700,dPL,dPL,Base-CN,0.44127141164866301,1.7090368284727093,0.090576757354829202,S2
12035000,dPL,dPL,Base-CN,0.39809478492678835,1.5418144722334748,0.022021888089668099,S1
12040500,dPL,dPL,Base-CN,0.58285143285727159,2.2573738927693436,0.067091783975138902,S2
12041200,dPL,dPL,Base-CN,0.52411724695710649,2.0298973689249538,0.17957410474413199,S3
12048000,dPL,dPL,Base-CN,0.40994374322109228,1.5877052903772202,0.49819765325107601,S4
12054000,dPL,dPL,Base-CN,0.45061387973638384,1.7452200517889265,0.379149578248129,S4
12056500,dPL,dPL,Base-CN,0.43877433702108271,1.6993657000258537,0.33857493203528899,S4
12073500,dPL,dPL,Base-CN,0.41372948856318836,1.6023674190401405,0.0156016658711511,S1
12082500,dPL,dPL,Base-CN,0.43451627152683303,1.6828742832795642,0.39878651405721,S4
12092000,dPL,dPL,Base-CN,0.35593081226591217,1.3785141083079564,0.51367072643135103,S5
12114500,dPL,dPL,Base-CN,0.42690201492878244,1.6533843942815645,0.40651703888363999,S4
12115000,dPL,dPL,Base-CN,0.3365929352801641,1.3036188327911464,0.33894435240274401,S4
12117000,dPL,dPL,Base-CN,0.459740409897407,1.7805669511112288,0.12519943348901,S2
12143600,dPL,dPL,Base-CN,0.43502580716844735,1.6848477063338358,0.31162204637311802,S4
12144000,dPL,dPL,Base-CN,0.44110563422515414,1.7083947752722826,0.220551545924003,S3
12145500,dPL,dPL,Base-CN,0.41928095695733641,1.6238681636776726,0.044854637880715899,S1
12147500,dPL,dPL,Base-CN,0.23717008350533009,0.91855578363476587,0.15904120143699199,S3
12167000,dPL,dPL,Base-CN,0.1984174311370096,0.76846740639089517,0.131187744738816,S2
12175500,dPL,dPL,Base-CN,0.19584816347502459,0.75851667552407798,0.69036044322912604,S5
12178100,dPL,dPL,Base-CN,0.21270274515673268,0.82379418968462592,0.52956688772687999,S5
12186000,dPL,dPL,Base-CN,0.22128217605885117,0.85702218268846808,0.43565219188418502,S4
12189500,dPL,dPL,Base-CN,0.18901698809801945,0.73205964705391491,0.457875714546575,S4
12375900,dPL,dPL,Base-CN,0.16696666219149411,0.64665910203949628,0.60651552653920204,S5
12377150,dPL,dPL,Base-CN,0.22118339031708956,0.85663958715578259,0.71988665378066796,S5
12381400,dPL,dPL,Base-CN,0.069187565838912835,0.26796229025873858,0.59400515341973503,S5
12383500,dPL,dPL,Base-CN,0.43715342454951078,1.6930879330177959,0.612621722100952,S5
12390700,dPL,dPL,Base-CN,0.23235933144852289,0.89992382103601842,0.51948700971260897,S5
12411000,dPL,dPL,Base-CN,0.27675096242407121,1.0718518685153025,0.46448551255835502,S4
12447390,dPL,dPL,Base-CN,0.14075876558454017,0.54515635494163783,0.77731149750856599,S5
12451000,dPL,dPL,Base-CN,0.11543598461113415,0.44708164595197825,0.71676708120225796,S5
12488500,dPL,dPL,Base-CN,0.18090757470258129,0.70065202402587157,0.64191899540199604,S5
13011500,dPL,dPL,Base-CN,0.49365958754137135,1.9119353612433536,0.65871326821235299,S5
13011900,dPL,dPL,Base-CN,0.11296599471475886,0.43751541621801615,0.70460706941907603,S5
13018300,dPL,dPL,Base-CN,0.0508352582392394,0.19688410856072758,0.65711853695654998,S5
13023000,dPL,dPL,Base-CN,0.50277296423167483,1.9472313173926139,0.64685862475843603,S5
13161500,dPL,dPL,Base-CN,0.079260647755686822,0.30697516876738734,0.51867934236885105,S5
13235000,dPL,dPL,Base-CN,0.10618504396106326,0.41125290687750043,0.67789507589655196,S5
13240000,dPL,dPL,Base-CN,0.42467355340700652,1.6447535999200622,0.72653347179839101,S5
13313000,dPL,dPL,Base-CN,0.11682156784959025,0.45244798675930281,0.74453605020993097,S5
13331500,dPL,dPL,Base-CN,0.19183262762389214,0.74296457204654309,0.55788094452842996,S5
14020000,dPL,dPL,Base-CN,0.09752853711720344,0.37772640003490088,0.35535822200439798,S4
14096850,dPL,dPL,Base-CN,0.2446533816846789,0.94753847285808801,0.24475022849623401,S3
14137000,dPL,dPL,Base-CN,0.49921134129172884,1.933437211060733,0.324496374801996,S4
14138800,dPL,dPL,Base-CN,0.19390363344730949,0.75098554311053711,0.31726621214989698,S4
14138870,dPL,dPL,Base-CN,0.17672213250444904,0.68444187609599161,0.22904935546692701,S3
14138900,dPL,dPL,Base-CN,0.094398721143365352,0.36560467489153198,0.221358389006793,S3
14139800,dPL,dPL,Base-CN,0.16520260450596638,0.63982693600169815,0.18319795566369801,S3
14141500,dPL,dPL,Base-CN,0.1092607062413942,0.42316489566778048,0.142882264769743,S2
14154500,dPL,dPL,Base-CN,0.092009278171759606,0.3563504020557906,0.135550710091939,S2
14158790,dPL,dPL,Base-CN,0.064581622488350324,0.2501235483684352,0.36505663037712699,S4
14166500,dPL,dPL,Base-CN,0.49719120134863076,1.9256132427041057,0.0106763012784076,S1
14182500,dPL,dPL,Base-CN,0.40307435322425517,1.5611002573208661,0.146759311242181,S2
14185000,dPL,dPL,Base-CN,0.57610406068762054,2.2312414327256214,0.17810725228455401,S3
14185900,dPL,dPL,Base-CN,0.54797158289437864,2.1222848147448454,0.187297518505713,S3
14187000,dPL,dPL,Base-CN,0.088285556829185347,0.34192849131008335,0.089519417393842393,S2
14216500,dPL,dPL,Base-CN,0.18404375777724072,0.71279840884468515,0.29581618375783397,S3
14222500,dPL,dPL,Base-CN,0.13829110305318232,0.53559913905362877,0.090027424119485194,S2
14236200,dPL,dPL,Base-CN,0.10959428128308334,0.42445682624895298,0.11471395531314001,S2
14301000,dPL,dPL,Base-CN,0.18506128764248636,0.71673928506705009,0.032479890320677503,S1
14303200,dPL,dPL,Base-CN,0.17830495790315407,0.69057213250513028,0.088754104072908999,S2
14305500,dPL,dPL,Base-CN,0.088805444916682075,0.3439420092148498,0.025741427784791101,S1
14306340,dPL,dPL,Base-CN,0.22507830014186211,0.87172450804210644,0.069380414643118699,S2
14306500,dPL,dPL,Base-CN,0.2541996200581102,0.98451089509731349,0.020298270612253401,S1
14308990,dPL,dPL,Base-CN,0.057440081119811685,0.22246447758183374,0.13582551553997099,S2
14309500,dPL,dPL,Base-CN,0.059742433652477459,0.23138145059794676,0.061255369170982697,S2
14316700,dPL,dPL,Base-CN,0.32096737191776709,1.243101286113474,0.17633658074200501,S3
14325000,dPL,dPL,Base-CN,0.46662368117142961,1.8072257461229462,0.0302033920558714,S1
14362250,dPL,dPL,Base-CN,0.29711667199204489,1.1507279225057616,0.141500009350329,S2
14400000,dPL,dPL,Base-CN,0.42145056439196321,1.6322710171397901,0.0243303906906382,S1
