paradigm,contrast,stratum,n_basins,metric,estimate,q25,q75,iqr,ci_lower,ci_upper
IC,Base-CN,Full531,531,within_base,0.46756002088773058,0.43010233336173909,0.51056025704993002,0.080457923688190935,0.46179283540832272,0.47334351219145127
IC,Base-CN,Full531,531,within_cn,0.48212049098105669,0.44662886474295371,0.51724390648655527,0.070615041743601559,0.4775443571173284,0.48706243758857692
IC,Base-CN,Full531,531,within_pooled,0.47535171519349517,0.43997429394544502,0.50691594469538925,0.066941650749944237,0.46953492691427606,0.47901716684697482
IC,Base-CN,Full531,531,between_all,0.49132779027375456,0.45785191790926705,0.52402466873274611,0.066172750823479065,0.48666089760591125,0.49516286200327553
IC,Base-CN,Full531,531,excess,0.007462556745992055,-0.0064844469461768361,0.02924422385515224,0.035728670801329077,0.0049533768161240666,0.010655275953340315
IC,Base-CN,Full531,531,prop_between_gt_within,0.63088512241054617,,,,0.59322033898305082,0.66854990583804141
IC,Base-CN,Full531,531,prop_excess_gt_0,0.63088512241054617,,,,0.58945386064030136,0.67142184557438789
IC,Base-CN,ExcludeS5,476,within_base,0.46792180180928455,0.43306685235691866,0.51409154893779418,0.081024696580875522,0.46222640137877324,0.47602612282230816
IC,Base-CN,ExcludeS5,476,within_cn,0.48119745884633802,0.44617207134093662,0.51586847523624435,0.069696403895307735,0.47568778439897652,0.48731373918722309
IC,Base-CN,ExcludeS5,476,within_pooled,0.47598440079797266,0.44305549636543506,0.50730996615638924,0.064254469790954172,0.47000646327537521,0.48163801739908285
IC,Base-CN,ExcludeS5,476,between_all,0.48499574573801768,0.45541770175113305,0.51410041676499796,0.058682715013864906,0.48058967534114166,0.49051089577829199
IC,Base-CN,ExcludeS5,476,excess,0.0049968314216815579,-0.0075886535204361116,0.019591491160049421,0.027180144680485532,0.0028756259917664161,0.0070959023754021376
IC,Base-CN,ExcludeS5,476,prop_between_gt_within,0.59033613445378152,,,,0.5514180672268908,0.63235294117647056
IC,Base-CN,ExcludeS5,476,prop_excess_gt_0,0.59033613445378152,,,,0.54411764705882348,0.63025210084033612
IC,Base-CN,S1,165,within_base,0.47593417476987226,0.44503826524062956,0.51701417524538051,0.071975910004750954,0.4665435671680489,0.48602848394227499
IC,Base-CN,S1,165,within_cn,0.46972603942834762,0.43821913995715406,0.5088139244726736,0.070594784515519537,0.45789585099401447,0.47724367113366628
IC,Base-CN,S1,165,within_pooled,0.4728824711866596,0.43986341163142667,0.5093730671480432,0.069509655516616531,0.46628381357358983,0.48246028842600353
IC,Base-CN,S1,165,between_all,0.47046164807870094,0.44389356385012962,0.50461027623390708,0.06071671238377746,0.46179761615519704,0.48164721027357554
IC,Base-CN,S1,165,excess,-0.0018112891613693005,-0.010100996221028669,0.012524382460883721,0.022625378681912389,-0.004414660870519449,0.00090772211371037415
IC,Base-CN,S1,165,prop_between_gt_within,0.46666666666666667,,,,0.39393939393939392,0.54257575757575738
IC,Base-CN,S1,165,prop_excess_gt_0,0.46666666666666667,,,,0.37863636363636366,0.53939393939393943
IC,Base-CN,S2,156,within_base,0.47825854927448919,0.43996341844590608,0.52053509180701418,0.080571673361108098,0.46727903844242397,0.49506999733415458
IC,Base-CN,S2,156,within_cn,0.48865225632708265,0.45110816410030707,0.51909867415254429,0.067990510052237219,0.4796484145855574,0.49909390694785888
IC,Base-CN,S2,156,within_pooled,0.48463075508612641,0.4469884263753664,0.51244518258173621,0.065456756206369815,0.47719000639112391,0.49497358395662716
IC,Base-CN,S2,156,between_all,0.4875017025899217,0.45538554192485348,0.51142424141463894,0.05603869948978546,0.47696526308807952,0.49379481372523737
IC,Base-CN,S2,156,excess,0.0021614589377403626,-0.011643261593253129,0.016398483911722037,0.028041745504975166,-0.0041921841937762605,0.0045674041162372947
IC,Base-CN,S2,156,prop_between_gt_within,0.52564102564102566,,,,0.44230769230769229,0.59615384615384615
IC,Base-CN,S2,156,prop_excess_gt_0,0.52564102564102566,,,,0.45176282051282052,0.60256410256410253
IC,Base-CN,S3,121,within_base,0.45511215165003543,0.42895644532129912,0.4994629286365912,0.070506483315292079,0.45112475088479165,0.46621251615862069
IC,Base-CN,S3,121,within_cn,0.49460233142580462,0.45642935099987508,0.52025101527260087,0.063821664272725787,0.48113401438939468,0.50336845379707862
IC,Base-CN,S3,121,within_pooled,0.47548009159619353,0.44909278487129134,0.49849976120698092,0.049406976335689579,0.46641084164007945,0.48170852801328101
IC,Base-CN,S3,121,between_all,0.49433024621281418,0.46829667021347776,0.52187592841813246,0.053579258204654701,0.48527135864966353,0.50230450968357754
IC,Base-CN,S3,121,excess,0.012313983705670828,-4.0932655565373288e-05,0.038610663850841775,0.038651596506407149,0.0085979134301053615,0.018482995851244053
IC,Base-CN,S3,121,prop_between_gt_within,0.74380165289256195,,,,0.67334710743801651,0.81818181818181823
IC,Base-CN,S3,121,prop_excess_gt_0,0.74380165289256195,,,,0.66115702479338845,0.81818181818181823
IC,Base-CN,S4,34,within_base,0.44501745713643048,0.39117807850590802,0.46854550253635141,0.077367424030443388,0.40341906746584122,0.46226403366542396
IC,Base-CN,S4,34,within_cn,0.47544305468898163,0.45258395043350869,0.50223287577631015,0.049648925342801464,0.46601653813802085,0.48628787837974097
IC,Base-CN,S4,34,within_pooled,0.46168558778381058,0.41808219041810246,0.48403295442619287,0.065950764008090412,0.43298560905810179,0.47616722344014445
IC,Base-CN,S4,34,between_all,0.50866354044474893,0.47706858789776524,0.54871735610009886,0.071648768202333624,0.48988582610455611,0.5332109023451348
IC,Base-CN,S4,34,excess,0.042986916305741446,0.021923571810769163,0.0766065699362454,0.054682998125476237,0.027107555301656427,0.064303778771210962
IC,Base-CN,S4,34,prop_between_gt_within,0.94117647058823528,,,,0.8529411764705882,1
IC,Base-CN,S4,34,prop_excess_gt_0,0.94117647058823528,,,,0.8529411764705882,1
IC,Base-CN,S5,55,within_base,0.45466136158833986,0.38009660778991583,0.49805045486393246,0.11795384707401663,0.40851060813259776,0.47970586832316092
IC,Base-CN,S5,55,within_cn,0.48846546121032869,0.45649814152415302,0.52351743772225046,0.067019296198097433,0.47425748481563512,0.50863131774949888
IC,Base-CN,S5,55,within_pooled,0.45201837646673287,0.42737896047266566,0.50048605866321882,0.073107098190553166,0.43685626544076644,0.47828062329580184
IC,Base-CN,S5,55,between_all,0.56049472430965974,0.52518077060575585,0.5926060651489371,0.067425294543181247,0.54383778660132776,0.5760613455324175
IC,Base-CN,S5,55,excess,0.082933505321378442,0.056621902870003571,0.12883622903056069,0.072214326160557119,0.0699461774418072,0.11039100055630602
IC,Base-CN,S5,55,prop_between_gt_within,0.98181818181818181,,,,0.94545454545454544,1
IC,Base-CN,S5,55,prop_excess_gt_0,0.98181818181818181,,,,0.94545454545454544,1
dPL,Base-CN,Full531,531,within_base,0.099930944587224554,0.0722117693526243,0.14413340190464163,0.071921632552017334,0.093342764330185721,0.10409975579605064
dPL,Base-CN,Full531,531,within_cn,0.10072321300358306,0.076072360312425452,0.14499501889324654,0.068922658580821083,0.096981724100033737,0.10695467827455425
dPL,Base-CN,Full531,531,within_pooled,0.10560703399812152,0.082820385526079385,0.14406117836826096,0.061240792842181577,0.10255061596677281,0.11218385429335551
dPL,Base-CN,Full531,531,between_all,0.18171614380967605,0.12307382602936399,0.30755006152312547,0.18447623549376146,0.16850398566108601,0.19824971941497582
dPL,Base-CN,Full531,531,excess,0.06105662991153224,0.010252549268754393,0.16852349705571967,0.15827094778696527,0.050360387990726216,0.079551307310701008
dPL,Base-CN,Full531,531,prop_between_gt_within,0.83804143126177022,,,,0.81167608286252357,0.86817325800376643
dPL,Base-CN,Full531,531,prop_excess_gt_0,0.83804143126177022,,,,0.80880414312617699,0.87104519774011291
dPL,Base-CN,ExcludeS5,476,within_base,0.097142027792597688,0.07242986780242007,0.14280202318968613,0.070372155387266058,0.092336675054856557,0.10407323928935684
dPL,Base-CN,ExcludeS5,476,within_cn,0.099068357659746281,0.074557104142448385,0.14169060060386229,0.067133496461413908,0.094795057196844265,0.10389259463916777
dPL,Base-CN,ExcludeS5,476,within_pooled,0.10459142879410649,0.082289244090526861,0.14007504829956136,0.057785804209034494,0.10147972992423858,0.10883557450678608
dPL,Base-CN,ExcludeS5,476,between_all,0.17457698017073617,0.12218071949681195,0.28262006015600244,0.16043934065919049,0.16422889002707439,0.1887012843406646
dPL,Base-CN,ExcludeS5,476,excess,0.055309909330521857,0.0090685156356394223,0.15507222486169553,0.1460037092260561,0.045794955483249113,0.075280415090581143
dPL,Base-CN,ExcludeS5,476,prop_between_gt_within,0.83403361344537819,,,,0.80252100840336138,0.86554621848739499
dPL,Base-CN,ExcludeS5,476,prop_excess_gt_0,0.83403361344537819,,,,0.80252100840336138,0.86974789915966388
dPL,Base-CN,S1,165,within_base,0.1035299100526173,0.076140145633223147,0.15147156605797815,0.075331420424755005,0.093570207187079243,0.11229830743453148
dPL,Base-CN,S1,165,within_cn,0.1001536940878608,0.076161077287925608,0.13401608368166479,0.057855006393739181,0.093656548616172342,0.1135110369529387
dPL,Base-CN,S1,165,within_pooled,0.10519306744080191,0.082239526113132663,0.14490954261739494,0.06267001650426228,0.098688753917448996,0.11726218179123003
dPL,Base-CN,S1,165,between_all,0.13223309958029966,0.099710167299995461,0.21326616966032111,0.11355600236032565,0.12436014964740995,0.15097381130656379
dPL,Base-CN,S1,165,excess,0.018614034456662154,-0.0032407096623293941,0.075931600607337169,0.079172310269666563,0.007092124790726545,0.025960506394481928
dPL,Base-CN,S1,165,prop_between_gt_within,0.70303030303030301,,,,0.63636363636363635,0.76969696969696966
dPL,Base-CN,S1,165,prop_excess_gt_0,0.70303030303030301,,,,0.63636363636363635,0.76969696969696966
dPL,Base-CN,S2,156,within_base,0.091444678287659384,0.070752579100598026,0.12851306759323639,0.057760488492638359,0.084450871005459893,0.10209076907310415
dPL,Base-CN,S2,156,within_cn,0.095714503531367734,0.071295875539820502,0.13371996761458094,0.062424092074760434,0.088206081826058089,0.1056493081126639
dPL,Base-CN,S2,156,within_pooled,0.097710590975010808,0.079853070041686236,0.12727707751016515,0.047424007468478913,0.093037198221111256,0.10376692330363622
dPL,Base-CN,S2,156,between_all,0.16526149732238976,0.12276232180558655,0.22418291070885912,0.10142058890327257,0.14704148795218128,0.18371090609465585
dPL,Base-CN,S2,156,excess,0.055701699831684805,0.015289396841596706,0.12392045111280213,0.10863105427120542,0.043571212675262934,0.079985659999855213
dPL,Base-CN,S2,156,prop_between_gt_within,0.87179487179487181,,,,0.82051282051282048,0.92307692307692313
dPL,Base-CN,S2,156,prop_excess_gt_0,0.87179487179487181,,,,0.82051282051282048,0.92003205128205112
dPL,Base-CN,S3,121,within_base,0.096638778729663866,0.076279391446188102,0.13644292756831614,0.060163536122128033,0.088659366794267377,0.10487519612399807
dPL,Base-CN,S3,121,within_cn,0.098200916896641802,0.075353425539022481,0.14292959563055121,0.067576170091528734,0.087974622746442799,0.10727548375950145
dPL,Base-CN,S3,121,within_pooled,0.10555644982363763,0.082400492660723912,0.13577455890145906,0.053374066240735152,0.10027403025971961,0.11531939720158099
dPL,Base-CN,S3,121,between_all,0.23333924444547274,0.16088150527154133,0.34671068791453596,0.18582918264299464,0.19684360215030577,0.28246647097619426
dPL,Base-CN,S3,121,excess,0.12667214869502766,0.049235472079335263,0.23224724284073037,0.1830117707613951,0.10078042164189124,0.1715079543613427
dPL,Base-CN,S3,121,prop_between_gt_within,0.92561983471074383,,,,0.87995867768595049,0.96694214876033058
dPL,Base-CN,S3,121,prop_excess_gt_0,0.92561983471074383,,,,0.87603305785123964,0.96694214876033058
dPL,Base-CN,S4,34,within_base,0.12441879525611693,0.084863095216700851,0.22563552059795955,0.1407724253812587,0.09745454637811729,0.16180794550096209
dPL,Base-CN,S4,34,within_cn,0.12894244546714836,0.093895941890730694,0.18063005149414876,0.086734109603418069,0.10047835657014678,0.16375318191062999
dPL,Base-CN,S4,34,within_pooled,0.13852933515807436,0.10939459120478262,0.18582168688976514,0.076427095684982516,0.11484475549184188,0.17386610445173223
dPL,Base-CN,S4,34,between_all,0.34584479972375559,0.26386569756163403,0.42453593049044042,0.16067023292880639,0.2874358592973264,0.41610182345477176
dPL,Base-CN,S4,34,excess,0.13217237163706033,0.082491476173055703,0.31288593530985531,0.23039445913679962,0.092606194318578472,0.27481103055161638
dPL,Base-CN,S4,34,prop_between_gt_within,0.97058823529411764,,,,0.91176470588235292,1
dPL,Base-CN,S4,34,prop_excess_gt_0,0.97058823529411764,,,,0.91176470588235292,1
dPL,Base-CN,S5,55,within_base,0.10672202836160073,0.071566986691905504,0.17366977751178905,0.10210279081988355,0.08488642106487429,0.12228300865771108
dPL,Base-CN,S5,55,within_cn,0.11748313559233163,0.093769185074844608,0.16353805160923246,0.069768866534387852,0.10806534145404174,0.14550869353794885
dPL,Base-CN,S5,55,within_pooled,0.11941344210402753,0.096920846147639975,0.16538305190691968,0.068462205759279707,0.10694759882698728,0.14851395159568972
dPL,Base-CN,S5,55,between_all,0.30661356309640764,0.14443024787703018,0.41584818124819956,0.27141793337116937,0.22722008151223347,0.3876813327895246
dPL,Base-CN,S5,55,excess,0.12519821335216616,0.036967903789203338,0.29710630138305572,0.26013839759385238,0.06276648523114034,0.21888776082257799
dPL,Base-CN,S5,55,prop_between_gt_within,0.87272727272727268,,,,0.78181818181818186,0.94545454545454544
dPL,Base-CN,S5,55,prop_excess_gt_0,0.87272727272727268,,,,0.79045454545454552,0.96363636363636362
